CVE_ESTADO,NOM_ESTADO,CVE_DIAGNO,DES_DIAGNO,CVE_CIE10,ACUMULADO,MENORES_1,DE01_A_04,DE05_A_09,DE10_A_14,DE15_A_19,DE20_A_24,DE25_A_44,DE45_A_49,DE50_A_59,DE60_A_64,DE65_Y_MAS,SE_IGNORAN,SSA,IMSS_ORD,ISSSTE,OTRAS,IMSS_SOL,D_IF,PEMEX,SEDENA,SEDEMAR,ENERO,FEBRERO,MARZO,ABRIL,MAYO,JUNIO,JULIO,AGOSTO,SEPTIEMBRE,OCTUBRE,NOVIEMBRE,DICIEMBRE,PERIODO,MENORES_1F,DE01_A_04F,DE05_A_09F,DE10_A_14F,DE15_A_19F,DE20_A_24F,DE25_A_44F,DE45_A_49F,DE50_A_59F,DE60_A_64F,DE65_Y_MAF,SE_IGNORAF,TOTALM,TOTALF,SSAM,IMSS_ORDM,ISSSTEM,OTRASM,IMSS_SOLM,D_IFM,PEMEXM,SEDENAM,SEDEMARM,SSAF,IMSS_ORDF,ISSSTEF,OTRASF,IMSS_SOLF,D_IFF,PEMEXF,SEDENAF,SEDEMARF,ENEROM,FEBREROM,MARZOM,ABRILM,MAYOM,JUNIOM,JULIOM,AGOSTOM,SEPTIEMBRM,OCTUBREM,NOVIEMBREM,DICIEMBREM,ENEROF,FEBREROF,MARZOF,ABRILF,MAYOF,JUNIOF,JULIOF,AGOSTOF,SEPTIEMBRF,OCTUBREF,NOVIEMBREF,DICIEMBREF
1,AGUASCALIENTES,1,Cólera,A00,0,0,0,0,0,0,0,0,0,0,0,0,0,0,0,0,0,0,0,0,0,0,0,0,0,0,0,0,0,0,0,0,0,0,2017,0,0,0,0,0,0,0,0,0,0,0,0,0,0,0,0,0,0,0,0,0,0,0,0,0,0,0,0,0,0,0,0,0,0,0,0,0,0,0,0,0,0,0,0,0,0,0,0,0,0,0,0,0,0,0,0
1,AGUASCALIENTES,2,Amebiasis intestinal,"A06.0-A06.3, A06.9",3236,53,243,197,170,106,146,297,80,95,37,58,0,822,1075,51,1216,0,4,0,68,0,223,196,308,214,410,290,254,455,236,179,326,145,2017,61,221,190,152,149,162,447,106,155,56,55,0,1482,1754,330,526,17,573,0,1,0,35,0,492,549,34,643,0,3,0,33,0,113,97,154,94,181,143,117,201,102,66,151,63,110,99,154,120,229,147,137,254,134,113,175,82
1,AGUASCALIENTES,5,Shigelosis,A03,39,0,0,2,0,1,3,4,3,1,0,1,0,5,0,2,32,0,0,0,0,0,2,0,27,2,0,2,2,4,0,0,0,0,2017,3,0,4,0,0,4,5,3,3,0,2,0,15,24,0,0,1,14,0,0,0,0,0,5,0,1,18,0,0,0,0,0,0,0,9,2,0,1,1,2,0,0,0,0,2,0,18,0,0,1,1,2,0,0,0,0
1,AGUASCALIENTES,6,Fiebre tifoidea,A01.0,287,0,0,4,6,10,16,31,8,7,1,8,0,52,0,0,235,0,0,0,0,0,32,21,30,32,32,15,15,28,17,19,32,14,2017,1,1,5,9,25,29,73,22,18,5,8,0,91,196,12,0,0,79,0,0,0,0,0,40,0,0,156,0,0,0,0,0,17,6,9,8,10,2,1,7,3,7,16,5,15,15,21,24,22,13,14,21,14,12,16,9
1,AGUASCALIENTES,7,Giardiasis,A07.1,74,0,9,9,4,3,3,1,0,1,0,0,0,17,3,3,51,0,0,0,0,0,5,5,12,8,9,5,3,6,2,5,10,4,2017,4,8,7,6,3,6,5,2,1,1,1,0,30,44,7,3,2,18,0,0,0,0,0,10,0,1,33,0,0,0,0,0,3,1,3,3,6,3,1,3,1,0,4,2,2,4,9,5,3,2,2,3,1,5,6,2
1,AGUASCALIENTES,8,Infecciones intestinales por otros organismos y las mal definidas,"A04, A08-A09 excepto A08.0",105768,2971,8690,5725,4332,3445,5333,12747,2866,2925,1252,1915,0,13650,48136,2605,41314,0,54,0,9,0,5974,6574,9774,8520,12477,9925,9445,13950,8749,7237,8421,4722,2017,2651,7647,5263,3799,3642,5062,13327,3356,4390,1700,2730,0,52201,53567,6423,22852,1051,21849,0,20,0,6,0,7227,25284,1554,19465,0,34,0,3,0,2974,3245,4991,4131,6184,4938,4660,6735,4287,3492,4199,2365,3000,3329,4783,4389,6293,4987,4785,7215,4462,3745,4222,2357
1,AGUASCALIENTES,178,Fiebre paratifoidea,A01.1-A01.4,108,0,1,1,3,1,6,12,3,3,3,2,0,5,0,0,102,0,1,0,0,0,5,12,11,7,8,10,13,18,3,7,14,0,2017,0,2,1,2,11,8,21,8,13,4,3,0,35,73,0,0,0,35,0,0,0,0,0,5,0,0,67,0,1,0,0,0,1,3,2,4,4,2,4,5,1,3,6,0,4,9,9,3,4,8,9,13,2,4,8,0
1,AGUASCALIENTES,93,Otras infecciones intestinales debidas a protozoarios,"A07.0, A07.2, A07.9",485,9,25,19,15,24,25,69,22,16,4,8,0,126,1,197,161,0,0,0,0,0,20,6,52,24,65,31,31,74,52,34,55,41,2017,12,33,23,31,19,14,54,17,21,13,12,0,236,249,101,0,64,71,0,0,0,0,0,25,1,133,90,0,0,0,0,0,12,2,22,16,23,12,13,53,27,13,20,23,8,4,30,8,42,19,18,21,25,21,35,18
2,BAJA CALIFORNIA,1,Cólera,A00,0,0,0,0,0,0,0,0,0,0,0,0,0,0,0,0,0,0,0,0,0,0,0,0,0,0,0,0,0,0,0,0,0,0,2017,0,0,0,0,0,0,0,0,0,0,0,0,0,0,0,0,0,0,0,0,0,0,0,0,0,0,0,0,0,0,0,0,0,0,0,0,0,0,0,0,0,0,0,0,0,0,0,0,0,0,0,0,0,0,0,0
2,BAJA CALIFORNIA,2,Amebiasis intestinal,"A06.0-A06.3, A06.9",1177,21,81,96,73,35,37,119,33,36,10,25,1,111,460,222,375,8,0,0,0,1,71,81,142,129,160,98,74,117,72,83,107,43,2017,14,72,63,69,30,44,166,35,64,21,32,0,567,610,36,235,106,186,3,0,0,0,1,75,225,116,189,5,0,0,0,0,40,41,70,75,72,41,27,58,29,41,53,20,31,40,72,54,88,57,47,59,43,42,54,23
2,BAJA CALIFORNIA,5,Shigelosis,A03,51,1,3,0,2,5,4,5,1,2,2,0,0,12,3,0,34,2,0,0,0,0,0,0,7,8,13,5,1,7,5,1,2,2,2017,2,1,2,1,3,4,6,2,3,0,2,0,25,26,6,1,0,18,0,0,0,0,0,6,2,0,16,2,0,0,0,0,0,0,4,3,7,2,0,4,3,1,1,0,0,0,3,5,6,3,1,3,2,0,1,2
2,BAJA CALIFORNIA,6,Fiebre tifoidea,A01.0,1164,0,4,18,47,33,61,126,39,38,9,10,0,256,66,76,740,25,0,0,1,0,58,59,109,139,151,123,83,106,78,116,91,51,2017,0,7,24,57,82,105,273,77,92,18,44,0,385,779,71,18,23,269,4,0,0,0,0,185,48,53,471,21,0,0,1,0,14,20,32,48,58,36,29,38,25,32,38,15,44,39,77,91,93,87,54,68,53,84,53,36
2,BAJA CALIFORNIA,7,Giardiasis,A07.1,88,0,5,7,10,4,6,3,1,3,1,0,0,31,35,4,16,2,0,0,0,0,2,13,10,3,6,17,3,4,9,9,6,6,2017,2,8,9,5,2,1,14,1,1,1,4,0,40,48,13,19,1,6,1,0,0,0,0,18,16,3,10,1,0,0,0,0,1,3,4,0,4,9,0,3,6,5,2,3,1,10,6,3,2,8,3,1,3,4,4,3
2,BAJA CALIFORNIA,8,Infecciones intestinales por otros organismos y las mal definidas,"A04, A08-A09 excepto A08.0",169024,3180,11464,8733,6733,6060,7542,17764,5074,5388,2377,3249,28,14307,75629,5546,71480,1461,0,0,203,398,8588,12605,18210,19601,23522,14156,10768,14116,11454,12861,14778,8365,2017,3108,10862,8851,6672,6822,9207,22817,6313,8177,3432,5149,22,77592,91432,6387,33639,2145,34417,710,0,0,95,199,7920,41990,3401,37063,751,0,0,108,199,4167,5958,8494,8943,10661,6452,4935,6422,5209,5835,6688,3828,4421,6647,9716,10658,12861,7704,5833,7694,6245,7026,8090,4537
2,BAJA CALIFORNIA,178,Fiebre paratifoidea,A01.1-A01.4,223,1,1,2,4,5,5,26,10,9,3,2,0,80,58,6,79,0,0,0,0,0,14,13,16,17,21,18,25,35,16,15,24,9,2017,0,4,9,7,15,17,47,10,27,4,15,0,68,155,27,11,2,28,0,0,0,0,0,53,47,4,51,0,0,0,0,0,0,5,5,8,5,6,10,13,3,2,9,2,14,8,11,9,16,12,15,22,13,13,15,7
2,BAJA CALIFORNIA,93,Otras infecciones intestinales debidas a protozoarios,"A07.0, A07.2, A07.9",350,5,53,21,28,14,9,22,9,7,2,3,0,195,0,13,59,76,0,0,4,3,10,17,32,43,47,19,20,25,36,24,23,54,2017,11,41,26,20,13,13,30,7,4,2,10,0,173,177,87,0,5,40,40,0,0,1,0,108,0,8,19,36,0,0,3,3,6,6,17,15,25,9,14,10,19,14,10,28,4,11,15,28,22,10,6,15,17,10,13,26
3,BAJA CALIFORNIA SUR,1,Cólera,A00,0,0,0,0,0,0,0,0,0,0,0,0,0,0,0,0,0,0,0,0,0,0,0,0,0,0,0,0,0,0,0,0,0,0,2017,0,0,0,0,0,0,0,0,0,0,0,0,0,0,0,0,0,0,0,0,0,0,0,0,0,0,0,0,0,0,0,0,0,0,0,0,0,0,0,0,0,0,0,0,0,0,0,0,0,0,0,0,0,0,0,0
3,BAJA CALIFORNIA SUR,2,Amebiasis intestinal,"A06.0-A06.3, A06.9",1523,31,147,105,82,55,44,134,29,41,9,25,0,247,424,277,567,8,0,0,0,0,118,101,186,137,139,136,108,105,139,173,116,65,2017,29,126,108,80,53,59,189,56,71,15,35,0,702,821,101,219,120,260,2,0,0,0,0,146,205,157,307,6,0,0,0,0,44,46,85,51,77,67,53,55,70,74,52,28,74,55,101,86,62,69,55,50,69,99,64,37
3,BAJA CALIFORNIA SUR,5,Shigelosis,A03,16,0,2,0,0,1,1,1,0,0,0,1,0,7,2,1,6,0,0,0,0,0,6,2,1,2,2,0,2,1,0,0,0,0,2017,1,0,1,0,0,3,2,3,0,0,0,0,6,10,3,1,0,2,0,0,0,0,0,4,1,1,4,0,0,0,0,0,4,0,0,0,1,0,0,1,0,0,0,0,2,2,1,2,1,0,2,0,0,0,0,0
3,BAJA CALIFORNIA SUR,6,Fiebre tifoidea,A01.0,98,0,1,5,7,7,8,12,5,1,1,0,0,34,3,27,34,0,0,0,0,0,3,18,7,6,21,15,12,7,4,2,3,0,2017,0,1,5,2,6,4,21,4,7,0,1,0,47,51,15,0,14,18,0,0,0,0,0,19,3,13,16,0,0,0,0,0,0,11,3,3,11,9,4,1,1,1,3,0,3,7,4,3,10,6,8,6,3,1,0,0
3,BAJA CALIFORNIA SUR,7,Giardiasis,A07.1,118,0,12,17,11,6,0,6,2,1,0,2,0,42,13,30,32,0,0,0,0,1,18,9,20,9,10,6,7,9,8,10,10,2,2017,1,12,13,11,3,4,10,3,3,0,1,0,57,61,17,7,13,19,0,0,0,0,1,25,6,17,13,0,0,0,0,0,10,5,13,5,3,2,2,4,6,4,2,1,8,4,7,4,7,4,5,5,2,6,8,1
3,BAJA CALIFORNIA SUR,8,Infecciones intestinales por otros organismos y las mal definidas,"A04, A08-A09 excepto A08.0",61299,1159,4606,3495,2890,2235,2657,6161,1855,1994,897,1073,17,8867,15329,8841,27843,60,0,0,10,349,2854,3366,4838,4900,7153,4548,3869,4995,5959,8739,6607,3471,2017,1231,4474,3479,2532,2496,3017,7673,2219,2577,1090,1451,21,29039,32260,4046,7358,3617,13836,15,0,0,8,159,4821,7971,5224,14007,45,0,0,2,190,1306,1559,2326,2272,3377,2127,1819,2364,2872,4159,3203,1655,1548,1807,2512,2628,3776,2421,2050,2631,3087,4580,3404,1816
3,BAJA CALIFORNIA SUR,178,Fiebre paratifoidea,A01.1-A01.4,129,0,0,5,4,5,3,14,1,3,0,1,0,112,0,2,15,0,0,0,0,0,4,10,19,8,11,13,18,15,13,5,4,9,2017,0,2,5,5,15,12,35,4,8,3,4,0,36,93,31,0,1,4,0,0,0,0,0,81,0,1,11,0,0,0,0,0,1,3,7,2,0,5,6,3,1,1,1,6,3,7,12,6,11,8,12,12,12,4,3,3
3,BAJA CALIFORNIA SUR,93,Otras infecciones intestinales debidas a protozoarios,"A07.0, A07.2, A07.9",153,8,15,7,11,4,1,15,2,5,2,6,0,48,0,84,20,0,0,0,0,1,8,5,11,5,50,12,15,10,7,20,9,1,2017,4,14,7,7,1,4,21,3,10,1,5,0,76,77,25,0,38,12,0,0,0,0,1,23,0,46,8,0,0,0,0,0,6,2,5,2,22,7,7,4,4,12,4,1,2,3,6,3,28,5,8,6,3,8,5,0
4,CAMPECHE,1,Cólera,A00,0,0,0,0,0,0,0,0,0,0,0,0,0,0,0,0,0,0,0,0,0,0,0,0,0,0,0,0,0,0,0,0,0,0,2017,0,0,0,0,0,0,0,0,0,0,0,0,0,0,0,0,0,0,0,0,0,0,0,0,0,0,0,0,0,0,0,0,0,0,0,0,0,0,0,0,0,0,0,0,0,0,0,0,0,0,0,0,0,0,0,0
4,CAMPECHE,2,Amebiasis intestinal,"A06.0-A06.3, A06.9",3454,79,406,323,206,121,94,196,82,69,24,51,0,1548,417,234,397,503,63,257,4,31,228,285,320,307,357,296,364,323,265,238,295,176,2017,69,420,336,201,131,133,224,88,96,42,63,0,1651,1803,702,219,116,220,209,29,135,3,18,846,198,118,177,294,34,122,1,13,121,129,147,137,185,124,179,159,127,105,137,101,107,156,173,170,172,172,185,164,138,133,158,75
4,CAMPECHE,5,Shigelosis,A03,49,1,4,2,3,7,3,3,1,0,0,1,0,23,1,0,7,16,0,0,0,2,2,10,9,11,5,5,1,1,1,0,2,2,2017,0,2,3,2,3,4,7,3,0,0,0,0,25,24,12,1,0,3,9,0,0,0,0,11,0,0,4,7,0,0,0,2,2,7,6,5,2,2,0,0,1,0,0,0,0,3,3,6,3,3,1,1,0,0,2,2
4,CAMPECHE,6,Fiebre tifoidea,A01.0,251,0,6,9,12,11,4,13,5,6,1,5,0,193,2,8,17,25,0,6,0,0,16,19,25,21,27,21,15,30,21,19,26,11,2017,0,4,12,17,31,15,52,20,13,7,8,0,72,179,52,1,3,9,6,0,1,0,0,141,1,5,8,19,0,5,0,0,4,5,4,10,7,7,4,9,6,5,8,3,12,14,21,11,20,14,11,21,15,14,18,8
4,CAMPECHE,7,Giardiasis,A07.1,143,2,13,12,5,3,5,4,0,2,2,8,0,63,2,42,22,2,0,2,0,10,13,12,17,17,17,17,13,13,8,5,5,6,2017,3,21,15,13,4,5,8,2,6,2,8,0,56,87,21,1,18,11,1,0,1,0,3,42,1,24,11,1,0,1,0,7,7,3,8,6,4,7,5,5,3,3,2,3,6,9,9,11,13,10,8,8,5,2,3,3
4,CAMPECHE,8,Infecciones intestinales por otros organismos y las mal definidas,"A04, A08-A09 excepto A08.0",52059,1175,4609,3142,2066,1519,2059,4644,1183,1607,878,1227,18,18523,17786,4857,4159,2952,1035,2012,19,716,4213,4533,5825,3747,4606,4222,5114,4952,3582,3498,4574,3193,2017,1147,4296,3116,1983,1715,2314,6018,1559,2590,1437,1754,3,24127,27932,8522,8420,1935,2106,1321,486,982,11,344,10001,9366,2922,2053,1631,549,1030,8,372,1904,2060,2691,1730,2165,1956,2391,2281,1660,1641,2114,1534,2309,2473,3134,2017,2441,2266,2723,2671,1922,1857,2460,1659
4,CAMPECHE,178,Fiebre paratifoidea,A01.1-A01.4,55,0,0,0,0,7,3,2,0,1,3,1,1,46,0,0,0,9,0,0,0,0,4,8,4,2,9,9,2,9,2,1,3,2,2017,0,1,3,0,3,5,9,6,6,1,3,0,18,37,15,0,0,0,3,0,0,0,0,31,0,0,0,6,0,0,0,0,1,1,2,0,2,6,2,2,0,0,1,1,3,7,2,2,7,3,0,7,2,1,2,1
4,CAMPECHE,93,Otras infecciones intestinales debidas a protozoarios,"A07.0, A07.2, A07.9",767,24,90,71,39,28,14,47,14,22,8,15,1,329,0,53,159,59,18,0,10,139,71,51,107,73,68,61,91,77,45,16,33,74,2017,13,71,79,37,26,33,63,17,23,10,22,0,373,394,161,0,24,84,29,10,0,5,60,168,0,29,75,30,8,0,5,79,38,26,52,37,32,23,52,39,21,6,14,33,33,25,55,36,36,38,39,38,24,10,19,41
5,COAHUILA DE ZARAGOZA,1,Cólera,A00,0,0,0,0,0,0,0,0,0,0,0,0,0,0,0,0,0,0,0,0,0,0,0,0,0,0,0,0,0,0,0,0,0,0,2017,0,0,0,0,0,0,0,0,0,0,0,0,0,0,0,0,0,0,0,0,0,0,0,0,0,0,0,0,0,0,0,0,0,0,0,0,0,0,0,0,0,0,0,0,0,0,0,0,0,0,0,0,0,0,0,0
5,COAHUILA DE ZARAGOZA,2,Amebiasis intestinal,"A06.0-A06.3, A06.9",2193,64,202,147,81,72,84,186,62,58,20,51,0,440,1077,73,576,25,0,0,2,0,115,142,172,157,240,332,161,226,161,177,229,81,2017,47,199,153,100,78,80,256,69,91,34,59,0,1027,1166,179,519,33,286,9,0,0,1,0,261,558,40,290,16,0,0,1,0,53,75,77,76,102,151,58,108,78,92,113,44,62,67,95,81,138,181,103,118,83,85,116,37
5,COAHUILA DE ZARAGOZA,5,Shigelosis,A03,118,0,2,2,4,1,2,17,11,6,13,2,0,31,0,0,84,3,0,0,0,0,5,9,7,3,28,9,5,2,4,1,17,28,2017,1,5,2,2,6,3,5,20,2,12,0,0,60,58,14,0,0,45,1,0,0,0,0,17,0,0,39,2,0,0,0,0,4,6,3,3,18,4,0,1,1,0,8,12,1,3,4,0,10,5,5,1,3,1,9,16
5,COAHUILA DE ZARAGOZA,6,Fiebre tifoidea,A01.0,2405,0,7,41,42,70,99,239,113,107,49,46,4,899,0,225,1242,38,0,0,1,0,88,121,223,148,163,220,139,321,304,258,265,155,2017,0,21,35,93,170,223,513,179,227,46,81,0,817,1588,251,0,64,491,10,0,0,1,0,648,0,161,751,28,0,0,0,0,28,33,50,46,47,66,38,129,120,103,97,60,60,88,173,102,116,154,101,192,184,155,168,95
5,COAHUILA DE ZARAGOZA,7,Giardiasis,A07.1,61,0,6,7,3,2,3,1,1,3,0,0,0,12,3,6,34,6,0,0,0,0,2,1,4,3,7,1,2,14,3,2,18,4,2017,1,4,4,9,2,2,6,6,0,1,0,0,26,35,4,1,4,17,0,0,0,0,0,8,2,2,17,6,0,0,0,0,1,0,3,1,2,1,1,5,0,2,10,0,1,1,1,2,5,0,1,9,3,0,8,4
5,COAHUILA DE ZARAGOZA,8,Infecciones intestinales por otros organismos y las mal definidas,"A04, A08-A09 excepto A08.0",141006,3214,10937,7601,5468,4723,6218,13338,4054,4531,2428,3193,117,14273,66229,9270,47284,3374,551,0,25,0,7129,7754,10638,10297,14370,12142,9831,15801,13026,16212,15799,8007,2017,2935,9860,7081,5159,5398,6729,17885,5359,6987,2786,4916,89,65822,75184,6435,29940,3967,23748,1480,239,0,13,0,7838,36289,5303,23536,1894,312,0,12,0,3273,3574,4875,4732,6613,5588,4565,7540,6015,7774,7490,3783,3856,4180,5763,5565,7757,6554,5266,8261,7011,8438,8309,4224
5,COAHUILA DE ZARAGOZA,178,Fiebre paratifoidea,A01.1-A01.4,201,1,4,5,6,9,14,27,6,8,1,3,0,50,21,0,127,3,0,0,0,0,10,6,11,7,15,19,26,28,21,24,22,12,2017,1,5,6,3,11,16,44,11,8,4,8,0,84,117,19,9,0,55,1,0,0,0,0,31,12,0,72,2,0,0,0,0,5,2,3,2,1,6,17,15,6,11,7,9,5,4,8,5,14,13,9,13,15,13,15,3
5,COAHUILA DE ZARAGOZA,93,Otras infecciones intestinales debidas a protozoarios,"A07.0, A07.2, A07.9",678,23,57,51,34,33,13,49,14,16,6,8,0,236,79,12,320,28,3,0,0,0,58,28,43,41,57,79,52,69,51,60,98,42,2017,16,76,52,25,29,40,61,15,31,17,12,0,304,374,101,39,4,151,9,0,0,0,0,135,40,8,169,19,3,0,0,0,19,9,19,15,28,42,23,33,20,30,49,17,39,19,24,26,29,37,29,36,31,30,49,25
6,COLIMA,1,Cólera,A00,0,0,0,0,0,0,0,0,0,0,0,0,0,0,0,0,0,0,0,0,0,0,0,0,0,0,0,0,0,0,0,0,0,0,2017,0,0,0,0,0,0,0,0,0,0,0,0,0,0,0,0,0,0,0,0,0,0,0,0,0,0,0,0,0,0,0,0,0,0,0,0,0,0,0,0,0,0,0,0,0,0,0,0,0,0,0,0,0,0,0,0
6,COLIMA,2,Amebiasis intestinal,"A06.0-A06.3, A06.9",1871,20,107,135,116,119,106,120,39,60,16,37,0,475,54,169,1034,0,113,0,26,0,132,136,186,111,192,139,150,175,270,138,161,81,2017,14,119,132,108,121,89,246,50,67,18,32,0,875,996,168,26,76,537,0,56,0,12,0,307,28,93,497,0,57,0,14,0,65,70,101,48,102,68,65,86,82,61,86,41,67,66,85,63,90,71,85,89,188,77,75,40
6,COLIMA,5,Shigelosis,A03,31,0,1,0,0,0,2,8,1,2,0,1,0,15,0,0,14,0,2,0,0,0,0,6,1,3,7,2,4,0,1,0,5,2,2017,0,2,0,2,1,0,9,0,1,0,1,0,15,16,8,0,0,7,0,0,0,0,0,7,0,0,7,0,2,0,0,0,0,3,0,2,2,1,2,0,1,0,4,0,0,3,1,1,5,1,2,0,0,0,1,2
6,COLIMA,6,Fiebre tifoidea,A01.0,23,0,0,0,1,1,0,3,2,1,1,0,0,16,0,2,5,0,0,0,0,0,2,5,5,0,1,2,1,2,2,1,2,0,2017,0,0,1,1,0,0,6,3,0,1,2,0,9,14,7,0,0,2,0,0,0,0,0,9,0,2,3,0,0,0,0,0,1,2,2,0,0,0,0,1,1,1,1,0,1,3,3,0,1,2,1,1,1,0,1,0
6,COLIMA,7,Giardiasis,A07.1,249,0,16,29,13,4,6,17,5,17,4,11,0,21,11,4,213,0,0,0,0,0,12,23,20,15,31,25,19,23,16,16,33,16,2017,15,36,21,5,5,10,13,10,10,1,1,0,122,127,6,4,1,111,0,0,0,0,0,15,7,3,102,0,0,0,0,0,6,12,10,8,15,17,9,13,7,8,11,6,6,11,10,7,16,8,10,10,9,8,22,10
6,COLIMA,8,Infecciones intestinales por otros organismos y las mal definidas,"A04, A08-A09 excepto A08.0",39793,839,3170,2276,1796,1291,1669,4158,954,1158,561,906,0,9835,15673,1884,11263,0,356,0,68,714,2453,2602,3280,3169,4687,2914,3026,4764,3671,3425,3526,2276,2017,796,3099,2106,1506,1505,1878,5423,1134,1558,686,1324,0,18778,21015,4380,7426,741,5633,0,177,0,36,385,5455,8247,1143,5630,0,179,0,32,329,1122,1266,1527,1504,2105,1414,1436,2312,1731,1618,1689,1054,1331,1336,1753,1665,2582,1500,1590,2452,1940,1807,1837,1222
6,COLIMA,178,Fiebre paratifoidea,A01.1-A01.4,20,0,0,0,0,1,0,3,0,2,0,0,0,17,0,0,3,0,0,0,0,0,2,5,5,2,1,0,0,1,3,1,0,0,2017,0,0,0,0,1,1,8,0,2,0,2,0,6,14,5,0,0,1,0,0,0,0,0,12,0,0,2,0,0,0,0,0,0,2,1,1,0,0,0,0,2,0,0,0,2,3,4,1,1,0,0,1,1,1,0,0
6,COLIMA,93,Otras infecciones intestinales debidas a protozoarios,"A07.0, A07.2, A07.9",575,1,57,46,39,31,10,31,14,18,7,8,0,220,0,226,86,0,26,0,10,7,24,70,67,41,50,47,63,55,46,30,57,25,2017,5,63,52,31,30,14,53,14,12,21,18,0,262,313,92,0,107,40,0,15,0,6,2,128,0,119,46,0,11,0,4,5,10,33,26,17,27,19,25,28,25,11,31,10,14,37,41,24,23,28,38,27,21,19,26,15
7,CHIAPAS,1,Cólera,A00,0,0,0,0,0,0,0,0,0,0,0,0,0,0,0,0,0,0,0,0,0,0,0,0,0,0,0,0,0,0,0,0,0,0,2017,0,0,0,0,0,0,0,0,0,0,0,0,0,0,0,0,0,0,0,0,0,0,0,0,0,0,0,0,0,0,0,0,0,0,0,0,0,0,0,0,0,0,0,0,0,0,0,0,0,0,0,0,0,0,0,0
7,CHIAPAS,2,Amebiasis intestinal,"A06.0-A06.3, A06.9",22711,481,2277,1907,1200,719,722,1183,486,519,252,353,5,7106,1974,1089,3836,8704,0,1,0,1,1681,1807,2528,1799,2354,1947,1591,2194,1536,1784,2128,1362,2017,438,2321,2069,1339,972,1022,2104,686,776,346,527,7,10104,12607,3185,876,508,1849,3684,0,1,0,1,3921,1098,581,1987,5020,0,0,0,0,779,853,1138,805,1002,865,706,964,681,803,905,603,902,954,1390,994,1352,1082,885,1230,855,981,1223,759
7,CHIAPAS,5,Shigelosis,A03,508,6,39,37,35,36,23,26,10,3,3,9,0,318,4,9,96,81,0,0,0,0,43,19,42,19,71,45,34,74,42,37,50,32,2017,12,46,42,29,49,21,45,9,14,8,6,0,227,281,138,2,4,49,34,0,0,0,0,180,2,5,47,47,0,0,0,0,18,9,21,6,38,15,13,29,24,19,23,12,25,10,21,13,33,30,21,45,18,18,27,20
7,CHIAPAS,6,Fiebre tifoidea,A01.0,3114,7,32,96,137,128,113,243,103,132,51,61,1,2003,16,390,689,0,0,16,0,0,190,179,402,165,464,310,232,340,272,240,169,151,2017,1,40,137,158,243,226,663,192,202,72,75,1,1104,2010,642,9,162,286,0,0,5,0,0,1361,7,228,403,0,0,11,0,0,76,66,135,56,174,112,72,127,98,76,56,56,114,113,267,109,290,198,160,213,174,164,113,95
7,CHIAPAS,7,Giardiasis,A07.1,719,14,58,66,55,30,22,34,21,15,10,7,0,383,53,33,78,172,0,0,0,0,43,54,89,43,93,43,57,55,56,58,79,49,2017,20,73,88,40,27,24,53,21,21,12,8,0,332,387,173,19,18,37,85,0,0,0,0,210,34,15,41,87,0,0,0,0,17,23,44,19,44,20,26,26,28,29,34,22,26,31,45,24,49,23,31,29,28,29,45,27
7,CHIAPAS,8,Infecciones intestinales por otros organismos y las mal definidas,"A04, A08-A09 excepto A08.0",218771,6575,17718,11904,8483,7072,8274,16835,6123,7058,4172,5325,438,64140,41228,14002,76907,21231,0,840,0,423,13687,15576,23157,18502,28486,22531,20087,20938,13940,14332,16178,11357,2017,6357,16991,12504,8592,8533,10055,25404,8034,10075,5144,6701,404,99977,118794,29209,18479,5706,36580,9367,0,418,0,218,34931,22749,8296,40327,11864,0,422,0,205,6314,7087,10639,8329,12990,10103,9213,9635,6401,6495,7556,5215,7373,8489,12518,10173,15496,12428,10874,11303,7539,7837,8622,6142
7,CHIAPAS,178,Fiebre paratifoidea,A01.1-A01.4,1539,5,21,51,49,66,61,128,55,31,14,25,0,1053,0,77,187,222,0,0,0,0,81,112,133,80,193,129,113,142,168,147,160,81,2017,3,26,60,83,129,152,350,88,88,32,22,0,506,1033,328,0,39,79,60,0,0,0,0,725,0,38,108,162,0,0,0,0,19,37,52,30,59,51,40,40,57,37,55,29,62,75,81,50,134,78,73,102,111,110,105,52
7,CHIAPAS,93,Otras infecciones intestinales debidas a protozoarios,"A07.0, A07.2, A07.9",11935,330,1121,826,709,486,453,622,330,318,153,150,2,7545,64,371,3051,890,0,0,0,14,830,960,1021,807,1288,1179,918,1020,891,1039,1359,623,2017,420,1125,1027,712,525,530,1015,353,353,186,170,19,5500,6435,3396,30,158,1556,356,0,0,0,4,4149,34,213,1495,534,0,0,0,10,366,430,468,362,582,549,430,480,411,502,621,299,464,530,553,445,706,630,488,540,480,537,738,324
8,CHIHUAHUA,1,Cólera,A00,0,0,0,0,0,0,0,0,0,0,0,0,0,0,0,0,0,0,0,0,0,0,0,0,0,0,0,0,0,0,0,0,0,0,2017,0,0,0,0,0,0,0,0,0,0,0,0,0,0,0,0,0,0,0,0,0,0,0,0,0,0,0,0,0,0,0,0,0,0,0,0,0,0,0,0,0,0,0,0,0,0,0,0,0,0,0,0,0,0,0,0
8,CHIHUAHUA,2,Amebiasis intestinal,"A06.0-A06.3, A06.9",2837,44,260,177,112,79,67,206,62,72,37,82,3,768,416,282,831,540,0,0,0,0,185,190,258,206,379,269,304,344,223,180,182,117,2017,54,226,172,133,96,113,404,96,182,56,104,0,1201,1636,335,172,116,324,254,0,0,0,0,433,244,166,507,286,0,0,0,0,82,88,100,88,165,107,114,132,104,80,82,59,103,102,158,118,214,162,190,212,119,100,100,58
8,CHIHUAHUA,5,Shigelosis,A03,81,1,3,2,3,3,1,6,8,8,0,1,0,11,1,0,69,0,0,0,0,0,10,4,8,0,4,2,2,24,1,1,24,1,2017,1,5,2,1,4,0,10,9,11,0,2,0,36,45,5,1,0,30,0,0,0,0,0,6,0,0,39,0,0,0,0,0,4,3,4,0,1,0,0,10,1,1,12,0,6,1,4,0,3,2,2,14,0,0,12,1
8,CHIHUAHUA,6,Fiebre tifoidea,A01.0,732,0,5,4,28,38,50,70,37,50,20,4,0,186,1,2,531,12,0,0,0,0,56,17,31,34,108,116,84,130,46,58,29,23,2017,0,4,12,37,50,60,121,57,41,29,15,0,306,426,53,0,0,250,3,0,0,0,0,133,1,2,281,9,0,0,0,0,22,4,11,20,43,51,32,59,18,25,10,11,34,13,20,14,65,65,52,71,28,33,19,12
8,CHIHUAHUA,7,Giardiasis,A07.1,127,5,15,7,7,7,7,10,3,3,0,0,0,34,22,2,68,1,0,0,0,0,26,11,19,15,14,12,3,4,12,8,1,2,2017,3,14,9,5,3,11,9,2,4,3,0,0,64,63,14,10,1,39,0,0,0,0,0,20,12,1,29,1,0,0,0,0,12,5,9,8,9,7,1,4,5,3,0,1,14,6,10,7,5,5,2,0,7,5,1,1
8,CHIHUAHUA,8,Infecciones intestinales por otros organismos y las mal definidas,"A04, A08-A09 excepto A08.0",201157,4802,14840,9676,7469,6184,7137,18584,5403,6580,3118,5630,200,29484,76760,11186,74203,9119,0,0,405,0,10658,10705,17219,18674,28935,19727,16293,21788,18874,15506,14638,8140,2017,4551,13165,9351,6879,7255,9531,27395,8225,11531,4689,8863,99,89623,111534,13319,32233,4474,35272,4129,0,0,196,0,16165,44527,6712,38931,4990,0,0,209,0,4720,4782,7650,8380,12729,8675,7206,9699,8434,6987,6576,3785,5938,5923,9569,10294,16206,11052,9087,12089,10440,8519,8062,4355
8,CHIHUAHUA,178,Fiebre paratifoidea,A01.1-A01.4,266,0,2,7,9,10,16,23,9,14,2,5,0,165,0,1,94,6,0,0,0,0,64,35,33,14,32,5,21,19,20,16,5,2,2017,0,3,6,7,18,26,61,14,19,5,10,0,97,169,51,0,1,43,2,0,0,0,0,114,0,0,51,4,0,0,0,0,24,16,8,5,12,2,10,10,5,4,1,0,40,19,25,9,20,3,11,9,15,12,4,2
8,CHIHUAHUA,93,Otras infecciones intestinales debidas a protozoarios,"A07.0, A07.2, A07.9",968,20,90,67,37,20,28,80,29,33,10,17,0,180,0,106,569,101,0,0,12,0,25,57,116,81,92,80,99,136,79,67,94,42,2017,27,97,63,41,40,34,104,44,40,18,29,0,431,537,75,0,42,253,52,0,0,9,0,105,0,64,316,49,0,0,3,0,7,27,57,31,43,39,50,56,29,26,48,18,18,30,59,50,49,41,49,80,50,41,46,24
9,CIUDAD DE MÉXICO,2,Amebiasis intestinal,"A06.0-A06.3, A06.9",6621,69,347,387,281,173,235,645,174,236,134,232,1,1953,2891,841,743,4,125,2,26,36,570,669,796,463,634,608,519,688,389,430,502,353,2017,55,359,362,310,219,266,843,300,438,214,341,0,2914,3707,829,1265,358,360,0,64,1,19,18,1124,1626,483,383,4,61,1,7,18,242,286,348,201,276,268,235,321,173,180,231,153,328,383,448,262,358,340,284,367,216,250,271,200
9,CIUDAD DE MÉXICO,5,Shigelosis,A03,38,0,4,2,2,1,3,2,1,1,1,0,0,8,4,7,19,0,0,0,0,0,1,5,2,2,4,7,1,1,7,2,4,2,2017,0,1,3,2,3,1,5,2,4,0,0,0,17,21,5,3,3,6,0,0,0,0,0,3,1,4,13,0,0,0,0,0,0,5,1,2,1,3,0,0,4,0,0,1,1,0,1,0,3,4,1,1,3,2,4,1
9,CIUDAD DE MÉXICO,6,Fiebre tifoidea,A01.0,156,1,0,2,10,8,8,21,14,9,3,2,0,46,3,64,43,0,0,0,0,0,11,24,31,10,10,29,11,11,10,4,4,1,2017,0,0,2,4,15,13,20,9,11,1,3,0,78,78,23,1,31,23,0,0,0,0,0,23,2,33,20,0,0,0,0,0,4,12,18,6,5,13,7,4,4,2,3,0,7,12,13,4,5,16,4,7,6,2,1,1
9,CIUDAD DE MÉXICO,7,Giardiasis,A07.1,508,3,51,42,30,11,13,16,13,13,7,16,0,227,163,51,54,0,11,0,2,0,38,60,57,42,50,50,67,44,25,34,25,16,2017,4,53,30,33,12,17,46,14,41,13,30,0,215,293,90,66,25,28,0,6,0,0,0,137,97,26,26,0,5,0,2,0,19,22,30,17,20,25,24,20,11,13,8,6,19,38,27,25,30,25,43,24,14,21,17,10
9,CIUDAD DE MÉXICO,8,Infecciones intestinales por otros organismos y las mal definidas,"A04, A08-A09 excepto A08.0",449762,9537,26337,20524,14515,11039,18284,53261,13393,17203,8491,14475,27,57642,201239,74618,105574,424,2097,3672,3428,1068,33825,40592,45968,32556,43741,35417,36208,41522,27132,27786,37276,47739,2017,9216,24402,19434,13373,11928,19211,60332,18840,28516,13262,24146,16,207086,242676,28805,90465,31918,50592,159,937,1683,1979,548,28837,110774,42700,54982,265,1160,1989,1449,520,15518,18614,20743,14743,19462,15805,16782,19304,12833,12914,17564,22804,18307,21978,25225,17813,24279,19612,19426,22218,14299,14872,19712,24935
9,CIUDAD DE MÉXICO,178,Fiebre paratifoidea,A01.1-A01.4,27,0,0,0,0,0,0,3,3,0,0,2,0,5,0,12,8,0,0,0,0,2,5,2,2,3,6,1,1,2,0,2,2,1,2017,0,1,1,0,1,0,9,2,3,0,2,0,8,19,3,0,3,1,0,0,0,0,1,2,0,9,7,0,0,0,0,1,2,1,1,0,1,0,1,0,0,0,2,0,3,1,1,3,5,1,0,2,0,2,0,1
9,CIUDAD DE MÉXICO,93,Otras infecciones intestinales debidas a protozoarios,"A07.0, A07.2, A07.9",3534,21,150,218,172,110,128,341,143,166,88,93,0,1014,3,1636,456,9,139,1,151,125,377,462,383,260,342,265,255,342,179,203,306,160,2017,15,203,191,166,120,168,401,178,243,114,105,0,1630,1904,438,2,746,215,4,61,1,105,58,576,1,890,241,5,78,0,46,67,154,213,178,121,159,127,117,154,88,85,172,62,223,249,205,139,183,138,138,188,91,118,134,98
9,CIUDAD DE MÉXICO,1,Cólera,A00,0,0,0,0,0,0,0,0,0,0,0,0,0,0,0,0,0,0,0,0,0,0,0,0,0,0,0,0,0,0,0,0,0,0,2017,0,0,0,0,0,0,0,0,0,0,0,0,0,0,0,0,0,0,0,0,0,0,0,0,0,0,0,0,0,0,0,0,0,0,0,0,0,0,0,0,0,0,0,0,0,0,0,0,0,0,0,0,0,0,0,0
10,DURANGO,1,Cólera,A00,0,0,0,0,0,0,0,0,0,0,0,0,0,0,0,0,0,0,0,0,0,0,0,0,0,0,0,0,0,0,0,0,0,0,2017,0,0,0,0,0,0,0,0,0,0,0,0,0,0,0,0,0,0,0,0,0,0,0,0,0,0,0,0,0,0,0,0,0,0,0,0,0,0,0,0,0,0,0,0,0,0,0,0,0,0,0,0,0,0,0,0
10,DURANGO,2,Amebiasis intestinal,"A06.0-A06.3, A06.9",1666,37,151,119,98,53,63,123,45,48,26,33,0,791,215,331,311,12,0,0,6,0,99,138,144,109,161,158,113,213,144,197,126,64,2017,34,139,118,88,49,81,169,63,65,29,35,0,796,870,377,98,146,168,5,0,0,2,0,414,117,185,143,7,0,0,4,0,48,62,67,51,80,77,54,106,66,98,53,34,51,76,77,58,81,81,59,107,78,99,73,30
10,DURANGO,5,Shigelosis,A03,32,0,1,2,2,2,1,3,1,1,0,1,0,16,0,5,11,0,0,0,0,0,4,2,1,10,8,0,1,5,0,0,0,1,2017,0,6,2,2,2,0,5,0,1,0,0,0,14,18,7,0,1,6,0,0,0,0,0,9,0,4,5,0,0,0,0,0,0,1,1,5,5,0,0,1,0,0,0,1,4,1,0,5,3,0,1,4,0,0,0,0
10,DURANGO,6,Fiebre tifoidea,A01.0,38,0,0,0,0,0,1,2,1,0,0,2,0,12,7,19,0,0,0,0,0,0,1,4,6,1,10,7,3,1,1,3,1,0,2017,0,0,4,1,0,1,16,2,4,0,4,0,6,32,1,2,3,0,0,0,0,0,0,11,5,16,0,0,0,0,0,0,0,1,2,0,2,1,0,0,0,0,0,0,1,3,4,1,8,6,3,1,1,3,1,0
10,DURANGO,7,Giardiasis,A07.1,43,1,4,4,3,3,2,4,0,0,0,2,0,22,1,7,8,0,0,0,5,0,11,0,6,2,3,2,2,9,2,1,0,5,2017,0,2,4,3,0,4,6,0,1,0,0,0,23,20,11,1,5,4,0,0,0,2,0,11,0,2,4,0,0,0,3,0,6,0,3,0,2,1,1,6,1,1,0,2,5,0,3,2,1,1,1,3,1,0,0,3
10,DURANGO,8,Infecciones intestinales por otros organismos y las mal definidas,"A04, A08-A09 excepto A08.0",80995,2922,8173,4727,3080,2132,2600,5806,1850,2410,1243,1909,0,27713,26869,8621,3538,11180,3015,0,59,0,4753,4334,6172,6854,11076,7415,6709,9677,6906,6625,6754,3720,2017,2781,7508,4709,2916,2664,3229,9103,2958,3860,1648,2767,0,36852,44143,12269,12335,3784,1638,5262,1527,0,37,0,15444,14534,4837,1900,5918,1488,0,22,0,2160,2002,2732,3220,5016,3370,3027,4380,3177,2975,3050,1743,2593,2332,3440,3634,6060,4045,3682,5297,3729,3650,3704,1977
10,DURANGO,178,Fiebre paratifoidea,A01.1-A01.4,1,0,0,0,0,0,0,0,0,0,0,0,0,1,0,0,0,0,0,0,0,0,0,0,0,0,0,0,0,0,0,1,0,0,2017,0,0,0,0,0,0,0,1,0,0,0,0,0,1,0,0,0,0,0,0,0,0,0,1,0,0,0,0,0,0,0,0,0,0,0,0,0,0,0,0,0,0,0,0,0,0,0,0,0,0,0,0,0,1,0,0
10,DURANGO,93,Otras infecciones intestinales debidas a protozoarios,"A07.0, A07.2, A07.9",314,2,25,24,16,12,16,19,5,3,1,1,0,242,0,8,63,1,0,0,0,0,13,14,26,15,34,42,23,18,5,31,66,27,2017,11,41,28,17,14,25,34,9,8,1,2,0,124,190,91,0,3,30,0,0,0,0,0,151,0,5,33,1,0,0,0,0,6,6,9,8,13,14,9,5,2,11,32,9,7,8,17,7,21,28,14,13,3,20,34,18
11,GUANAJUATO,1,Cólera,A00,0,0,0,0,0,0,0,0,0,0,0,0,0,0,0,0,0,0,0,0,0,0,0,0,0,0,0,0,0,0,0,0,0,0,2017,0,0,0,0,0,0,0,0,0,0,0,0,0,0,0,0,0,0,0,0,0,0,0,0,0,0,0,0,0,0,0,0,0,0,0,0,0,0,0,0,0,0,0,0,0,0,0,0,0,0,0,0,0,0,0,0
11,GUANAJUATO,2,Amebiasis intestinal,"A06.0-A06.3, A06.9",3109,46,177,195,150,93,105,270,83,98,63,73,0,1194,720,567,595,10,0,6,17,0,217,247,320,296,317,317,278,353,237,210,206,111,2017,32,174,238,177,103,142,392,124,163,96,115,0,1353,1756,492,318,260,266,6,0,2,9,0,702,402,307,329,4,0,4,8,0,102,111,144,123,134,145,124,147,104,89,82,48,115,136,176,173,183,172,154,206,133,121,124,63
11,GUANAJUATO,5,Shigelosis,A03,64,0,5,3,4,3,1,7,0,0,1,2,0,36,1,2,24,1,0,0,0,0,4,21,5,0,6,0,3,3,16,0,5,1,2017,0,7,4,2,4,3,9,4,4,1,0,0,26,38,16,1,2,7,0,0,0,0,0,20,0,0,17,1,0,0,0,0,1,6,2,0,5,0,1,2,4,0,5,0,3,15,3,0,1,0,2,1,12,0,0,1
11,GUANAJUATO,6,Fiebre tifoidea,A01.0,585,0,2,4,7,9,22,83,16,25,6,12,0,201,265,29,81,2,0,2,5,0,43,44,48,43,61,58,55,81,53,43,38,18,2017,0,3,5,14,25,49,175,31,64,17,16,0,186,399,42,98,10,31,2,0,0,3,0,159,167,19,50,0,0,2,2,0,12,15,11,14,15,17,19,28,20,12,14,9,31,29,37,29,46,41,36,53,33,31,24,9
11,GUANAJUATO,7,Giardiasis,A07.1,114,0,7,10,7,4,3,16,1,5,1,1,0,24,9,1,61,19,0,0,0,0,2,9,13,10,16,14,10,14,12,8,3,3,2017,0,8,15,6,2,4,18,2,2,0,2,0,55,59,11,4,1,30,9,0,0,0,0,13,5,0,31,10,0,0,0,0,1,3,5,4,7,7,6,11,3,5,2,1,1,6,8,6,9,7,4,3,9,3,1,2
11,GUANAJUATO,8,Infecciones intestinales por otros organismos y las mal definidas,"A04, A08-A09 excepto A08.0",200001,6027,17142,11306,8387,6455,7859,17461,5146,5608,2886,4578,4,69308,61304,11527,53269,980,0,3108,505,0,11011,11572,18103,18627,25351,19071,18883,24623,15303,12839,14809,9809,2017,5669,16555,11353,7687,7181,8826,22498,6977,8989,4127,7278,2,92859,107142,31126,28359,5117,26161,420,0,1427,249,0,38182,32945,6410,27108,560,0,1681,256,0,5173,5521,8431,8736,11667,8631,8735,11429,7126,5949,6886,4575,5838,6051,9672,9891,13684,10440,10148,13194,8177,6890,7923,5234
11,GUANAJUATO,178,Fiebre paratifoidea,A01.1-A01.4,77,0,0,3,0,0,0,7,3,4,1,2,0,15,11,16,34,1,0,0,0,0,1,11,7,3,11,5,12,8,3,5,10,1,2017,0,0,1,4,3,8,15,7,7,5,7,0,20,57,3,3,6,8,0,0,0,0,0,12,8,10,26,1,0,0,0,0,0,2,0,0,3,2,6,1,0,2,4,0,1,9,7,3,8,3,6,7,3,3,6,1
11,GUANAJUATO,93,Otras infecciones intestinales debidas a protozoarios,"A07.0, A07.2, A07.9",1179,28,111,85,69,34,30,73,26,32,20,29,0,570,4,20,523,61,0,1,0,0,50,76,130,75,118,134,118,123,76,116,104,59,2017,20,115,103,49,38,43,99,38,50,26,61,0,537,642,252,2,13,244,25,0,1,0,0,318,2,7,279,36,0,0,0,0,26,35,64,33,61,55,57,56,27,57,41,25,24,41,66,42,57,79,61,67,49,59,63,34
12,GUERRERO,1,Cólera,A00,0,0,0,0,0,0,0,0,0,0,0,0,0,0,0,0,0,0,0,0,0,0,0,0,0,0,0,0,0,0,0,0,0,0,2017,0,0,0,0,0,0,0,0,0,0,0,0,0,0,0,0,0,0,0,0,0,0,0,0,0,0,0,0,0,0,0,0,0,0,0,0,0,0,0,0,0,0,0,0,0,0,0,0,0,0,0,0,0,0,0,0
12,GUERRERO,2,Amebiasis intestinal,"A06.0-A06.3, A06.9",11553,268,1235,904,556,318,228,587,187,285,136,250,6,7848,1586,1297,452,274,0,0,44,52,830,992,1157,762,1063,1241,1320,1185,807,832,902,462,2017,266,1251,976,562,431,425,1338,326,471,149,390,8,4960,6593,3373,739,496,186,124,0,0,17,25,4475,847,801,266,150,0,0,27,27,351,439,495,343,450,514,567,525,349,353,393,181,479,553,662,419,613,727,753,660,458,479,509,281
12,GUERRERO,5,Shigelosis,A03,470,12,68,29,19,10,12,21,11,7,5,6,0,448,7,6,1,8,0,0,0,0,52,45,59,51,29,52,48,28,33,35,27,11,2017,23,53,31,22,15,21,47,21,20,3,13,1,200,270,189,4,2,1,4,0,0,0,0,259,3,4,0,4,0,0,0,0,23,18,21,23,15,24,18,13,16,13,10,6,29,27,38,28,14,28,30,15,17,22,17,5
12,GUERRERO,6,Fiebre tifoidea,A01.0,1203,3,30,24,32,33,54,94,37,31,9,11,2,896,5,94,186,13,0,0,1,8,101,141,148,98,127,113,91,118,67,102,56,41,2017,3,14,44,59,125,113,289,77,65,14,39,1,360,843,239,2,24,86,6,0,0,1,2,657,3,70,100,7,0,0,0,6,27,43,44,30,45,31,23,35,17,37,13,15,74,98,104,68,82,82,68,83,50,65,43,26
12,GUERRERO,7,Giardiasis,A07.1,519,9,55,61,31,21,10,21,5,8,10,9,0,414,8,28,50,2,0,0,2,15,36,48,70,39,69,59,53,43,27,29,24,22,2017,6,56,61,29,24,17,42,13,17,7,7,0,240,279,195,5,9,24,0,0,0,1,6,219,3,19,26,2,0,0,1,9,17,27,31,18,33,28,27,20,13,10,5,11,19,21,39,21,36,31,26,23,14,19,19,11
12,GUERRERO,8,Infecciones intestinales por otros organismos y las mal definidas,"A04, A08-A09 excepto A08.0",135578,3789,12905,7373,5296,3624,3984,10181,2987,3917,2088,4120,114,51564,40146,17435,21705,3294,0,0,462,972,10006,11079,13170,9443,13292,17204,16443,13376,8867,8302,8464,5932,2017,3681,11786,7643,5153,4653,5541,15757,4495,6722,3285,6385,99,60378,75200,22841,17599,7280,10507,1455,0,0,234,462,28723,22547,10155,11198,1839,0,0,228,510,4465,4913,5814,4179,5868,7623,7365,6047,4070,3732,3718,2584,5541,6166,7356,5264,7424,9581,9078,7329,4797,4570,4746,3348
12,GUERRERO,178,Fiebre paratifoidea,A01.1-A01.4,409,1,7,13,15,16,9,32,8,7,5,12,0,304,0,22,36,4,0,0,0,43,31,44,36,29,48,44,32,36,31,24,34,20,2017,0,9,18,18,30,36,98,22,33,6,14,0,125,284,85,0,5,18,1,0,0,0,16,219,0,17,18,3,0,0,0,27,6,10,15,10,18,12,10,10,10,10,8,6,25,34,21,19,30,32,22,26,21,14,26,14
12,GUERRERO,93,Otras infecciones intestinales debidas a protozoarios,"A07.0, A07.2, A07.9",2379,47,208,178,120,58,52,134,49,70,34,79,3,1733,3,550,23,64,0,0,6,0,160,195,204,158,237,263,279,208,184,195,215,81,2017,54,257,183,121,89,75,228,99,103,51,86,1,1032,1347,747,2,237,11,34,0,0,1,0,986,1,313,12,30,0,0,5,0,68,82,97,69,102,121,125,92,64,86,90,36,92,113,107,89,135,142,154,116,120,109,125,45
13,HIDALGO,1,Cólera,A00,0,0,0,0,0,0,0,0,0,0,0,0,0,0,0,0,0,0,0,0,0,0,0,0,0,0,0,0,0,0,0,0,0,0,2017,0,0,0,0,0,0,0,0,0,0,0,0,0,0,0,0,0,0,0,0,0,0,0,0,0,0,0,0,0,0,0,0,0,0,0,0,0,0,0,0,0,0,0,0,0,0,0,0,0,0,0,0,0,0,0,0
13,HIDALGO,2,Amebiasis intestinal,"A06.0-A06.3, A06.9",8884,130,842,676,480,271,231,473,165,218,136,235,4,5054,927,495,1142,1236,3,27,0,0,698,913,1086,767,856,854,602,758,642,600,706,402,2017,138,813,689,523,373,342,955,268,419,173,329,1,3861,5023,2189,394,213,524,525,3,13,0,0,2865,533,282,618,711,0,14,0,0,309,412,511,349,373,352,248,319,261,245,312,170,389,501,575,418,483,502,354,439,381,355,394,232
13,HIDALGO,5,Shigelosis,A03,12,0,0,4,2,0,0,0,0,0,0,0,0,11,0,1,0,0,0,0,0,0,0,0,3,0,0,0,1,2,1,0,3,2,2017,1,0,1,1,1,0,2,0,0,0,0,0,6,6,6,0,0,0,0,0,0,0,0,5,0,1,0,0,0,0,0,0,0,0,0,0,0,0,1,0,1,0,2,2,0,0,3,0,0,0,0,2,0,0,1,0
13,HIDALGO,6,Fiebre tifoidea,A01.0,16,0,0,0,1,1,1,2,0,0,0,1,0,15,0,1,0,0,0,0,0,0,0,4,3,1,0,1,0,1,2,3,1,0,2017,0,0,0,3,2,0,4,0,1,0,0,0,6,10,5,0,1,0,0,0,0,0,0,10,0,0,0,0,0,0,0,0,0,2,1,1,0,0,0,1,0,1,0,0,0,2,2,0,0,1,0,0,2,2,1,0
13,HIDALGO,7,Giardiasis,A07.1,190,0,26,22,12,4,3,10,2,3,1,2,0,153,7,0,20,8,1,1,0,0,17,22,20,13,24,18,15,17,13,13,13,5,2017,1,25,22,15,8,5,17,2,3,2,5,0,85,105,70,4,0,7,3,1,0,0,0,83,3,0,13,5,0,1,0,0,7,8,7,9,12,13,6,6,7,3,5,2,10,14,13,4,12,5,9,11,6,10,8,3
13,HIDALGO,8,Infecciones intestinales por otros organismos y las mal definidas,"A04, A08-A09 excepto A08.0",95458,2580,9394,6549,4884,3091,2995,6714,2123,2738,1345,2117,45,39104,19085,6978,19342,6061,3283,1605,0,0,7157,8912,11162,8400,11941,9194,7361,8674,5969,5737,6485,4466,2017,2356,8584,6182,4413,3657,3612,10105,2973,4160,1831,3005,5,44575,50883,17912,8998,2865,9401,2768,1851,780,0,0,21192,10087,4113,9941,3293,1432,825,0,0,3442,4234,5233,3906,5515,4215,3431,3975,2774,2668,3064,2118,3715,4678,5929,4494,6426,4979,3930,4699,3195,3069,3421,2348
13,HIDALGO,178,Fiebre paratifoidea,A01.1-A01.4,5,0,0,0,0,0,0,0,1,0,0,0,0,2,0,3,0,0,0,0,0,0,0,3,0,0,0,0,0,0,1,0,0,1,2017,0,0,0,0,0,0,3,0,1,0,0,0,1,4,1,0,0,0,0,0,0,0,0,1,0,3,0,0,0,0,0,0,0,0,0,0,0,0,0,0,1,0,0,0,0,3,0,0,0,0,0,0,0,0,0,1
13,HIDALGO,93,Otras infecciones intestinales debidas a protozoarios,"A07.0, A07.2, A07.9",1501,33,174,114,93,36,34,64,23,28,11,39,0,1261,1,39,127,73,0,0,0,0,92,117,161,162,166,146,95,146,109,106,94,107,2017,41,173,140,105,55,52,139,39,40,22,46,0,649,852,546,1,13,57,32,0,0,0,0,715,0,26,70,41,0,0,0,0,44,57,66,80,74,55,33,74,51,40,35,40,48,60,95,82,92,91,62,72,58,66,59,67
14,JALISCO,1,Cólera,A00,0,0,0,0,0,0,0,0,0,0,0,0,0,0,0,0,0,0,0,0,0,0,0,0,0,0,0,0,0,0,0,0,0,0,2017,0,0,0,0,0,0,0,0,0,0,0,0,0,0,0,0,0,0,0,0,0,0,0,0,0,0,0,0,0,0,0,0,0,0,0,0,0,0,0,0,0,0,0,0,0,0,0,0,0,0,0,0,0,0,0,0
14,JALISCO,2,Amebiasis intestinal,"A06.0-A06.3, A06.9",8094,106,725,551,358,233,290,811,203,228,120,206,0,2050,3392,199,2204,38,133,0,78,0,596,567,745,571,950,714,710,983,763,567,569,359,2017,111,689,574,335,231,292,972,241,370,157,291,0,3831,4263,882,1618,88,1108,18,74,0,43,0,1168,1774,111,1096,20,59,0,35,0,303,286,357,277,447,323,302,443,363,288,257,185,293,281,388,294,503,391,408,540,400,279,312,174
14,JALISCO,5,Shigelosis,A03,106,5,7,3,6,1,14,13,2,8,0,2,0,39,5,0,56,0,6,0,0,0,33,5,7,4,7,10,5,11,12,5,1,6,2017,2,13,2,2,3,2,13,3,3,0,2,0,61,45,15,3,0,38,0,5,0,0,0,24,2,0,18,0,1,0,0,0,27,2,5,3,3,6,0,4,4,2,0,5,6,3,2,1,4,4,5,7,8,3,1,1
14,JALISCO,6,Fiebre tifoidea,A01.0,494,0,1,6,20,13,22,57,12,10,9,13,0,230,0,33,227,0,4,0,0,0,33,43,62,34,52,47,42,52,36,33,39,21,2017,0,1,10,15,40,28,118,36,49,14,20,0,163,331,74,0,7,82,0,0,0,0,0,156,0,26,145,0,4,0,0,0,17,14,19,9,15,18,18,15,17,8,6,7,16,29,43,25,37,29,24,37,19,25,33,14
14,JALISCO,7,Giardiasis,A07.1,373,1,58,27,22,11,18,35,3,10,4,6,0,99,14,3,232,0,21,0,4,0,26,27,29,29,45,24,37,33,39,20,34,30,2017,14,38,34,20,10,11,22,8,9,2,10,0,195,178,43,7,3,125,0,14,0,3,0,56,7,0,107,0,7,0,1,0,16,14,15,15,28,15,12,21,20,7,16,16,10,13,14,14,17,9,25,12,19,13,18,14
14,JALISCO,8,Infecciones intestinales por otros organismos y las mal definidas,"A04, A08-A09 excepto A08.0",362723,8846,31091,18220,12380,9665,14975,40691,8953,10658,4950,9896,0,50973,207194,7142,94408,357,1003,426,963,257,20178,21837,31491,32876,43176,31016,36314,47808,30026,23993,25090,18918,2017,8051,28006,17650,10938,11122,16737,47272,11838,17389,7646,15749,0,170325,192398,23285,96629,3112,45878,141,468,214,466,132,27688,110565,4030,48530,216,535,212,497,125,9572,10289,14724,15525,20220,14413,16985,22383,13945,11383,11768,9118,10606,11548,16767,17351,22956,16603,19329,25425,16081,12610,13322,9800
14,JALISCO,178,Fiebre paratifoidea,A01.1-A01.4,710,2,10,14,20,17,13,49,20,15,6,11,0,561,27,11,109,0,2,0,0,0,26,42,97,41,86,57,40,85,70,83,56,27,2017,2,11,20,31,39,44,196,62,62,32,34,0,177,533,135,3,3,35,0,1,0,0,0,426,24,8,74,0,1,0,0,0,4,9,33,7,21,12,11,22,16,25,12,5,22,33,64,34,65,45,29,63,54,58,44,22
14,JALISCO,93,Otras infecciones intestinales debidas a protozoarios,"A07.0, A07.2, A07.9",1457,43,199,124,75,39,56,95,35,34,5,23,0,569,6,5,827,6,34,0,4,6,267,135,139,77,161,100,102,174,103,83,76,40,2017,32,141,106,82,75,63,122,37,34,15,22,0,728,729,234,4,2,459,4,18,0,3,4,335,2,3,368,2,16,0,1,2,193,64,56,34,78,47,43,72,49,36,35,21,74,71,83,43,83,53,59,102,54,47,41,19
15,MÉXICO,1,Cólera,A00,0,0,0,0,0,0,0,0,0,0,0,0,0,0,0,0,0,0,0,0,0,0,0,0,0,0,0,0,0,0,0,0,0,0,2017,0,0,0,0,0,0,0,0,0,0,0,0,0,0,0,0,0,0,0,0,0,0,0,0,0,0,0,0,0,0,0,0,0,0,0,0,0,0,0,0,0,0,0,0,0,0,0,0,0,0,0,0,0,0,0,0
15,MÉXICO,2,Amebiasis intestinal,"A06.0-A06.3, A06.9",15848,223,1171,1005,776,536,572,1477,343,526,234,370,2,4624,5601,131,3918,42,1456,0,76,0,1092,1267,1703,1374,1949,1832,1375,1340,1115,982,1164,655,2017,247,1137,1052,767,608,593,1992,558,830,339,487,3,7235,8613,1996,2524,47,1905,20,713,0,30,0,2628,3077,84,2013,22,743,0,46,0,489,553,768,626,839,840,640,645,516,459,541,319,603,714,935,748,1110,992,735,695,599,523,623,336
15,MÉXICO,5,Shigelosis,A03,144,3,8,9,8,5,2,9,4,1,3,2,0,81,4,0,31,0,28,0,0,0,14,22,33,7,22,7,15,3,6,3,10,2,2017,2,16,13,11,5,6,17,4,9,3,4,0,54,90,32,3,0,8,0,11,0,0,0,49,1,0,23,0,17,0,0,0,7,3,13,4,10,2,6,2,5,0,1,1,7,19,20,3,12,5,9,1,1,3,9,1
15,MÉXICO,6,Fiebre tifoidea,A01.0,135,2,3,1,3,4,6,18,4,4,0,4,0,41,15,11,41,0,24,0,3,0,8,12,17,14,16,21,8,6,11,11,9,2,2017,0,0,3,9,11,10,26,12,11,3,1,0,49,86,18,9,4,14,0,4,0,0,0,23,6,7,27,0,20,0,3,0,3,6,6,7,5,5,2,4,5,4,2,0,5,6,11,7,11,16,6,2,6,7,7,2
15,MÉXICO,7,Giardiasis,A07.1,973,8,89,101,74,27,13,40,12,11,20,11,1,299,51,3,498,4,113,0,5,0,76,100,102,66,112,73,72,87,66,60,107,52,2017,5,52,98,75,28,21,69,17,26,160,14,1,407,566,72,23,2,251,2,57,0,0,0,227,28,1,247,2,56,0,5,0,30,42,47,25,54,23,22,38,29,27,46,24,46,58,55,41,58,50,50,49,37,33,61,28
15,MÉXICO,8,Infecciones intestinales por otros organismos y las mal definidas,"A04, A08-A09 excepto A08.0",627522,14505,50355,37179,29276,21234,23294,58553,15747,19335,8722,13173,266,237737,171210,17761,149528,2902,43772,0,4612,0,48132,54876,69308,55664,75945,60323,47631,50565,39509,39220,48878,37471,2017,14141,48099,36714,27634,23824,25405,74590,21872,30585,12679,20121,219,291639,335883,106716,81272,7786,71500,1314,20896,0,2155,0,131021,89938,9975,78028,1588,22876,0,2457,0,22301,25425,31974,25588,34763,27692,22126,23792,18481,18410,23174,17913,25831,29451,37334,30076,41182,32631,25505,26773,21028,20810,25704,19558
15,MÉXICO,178,Fiebre paratifoidea,A01.1-A01.4,54,0,0,4,2,0,1,5,4,2,2,2,0,18,5,0,13,0,18,0,0,0,2,2,2,5,9,10,5,6,4,4,2,3,2017,0,2,2,6,3,2,6,3,7,0,1,0,22,32,10,3,0,5,0,4,0,0,0,8,2,0,8,0,14,0,0,0,1,1,1,1,4,3,3,2,2,2,0,2,1,1,1,4,5,7,2,4,2,2,2,1
15,MÉXICO,93,Otras infecciones intestinales debidas a protozoarios,"A07.0, A07.2, A07.9",1774,46,141,145,101,76,49,105,43,38,25,27,2,1065,8,75,260,14,262,0,90,0,117,175,267,113,151,140,189,146,123,136,164,53,2017,36,160,162,101,71,72,181,49,61,29,53,1,798,976,459,5,25,140,4,121,0,44,0,606,3,50,120,10,141,0,46,0,44,82,132,53,69,57,86,74,50,48,81,22,73,93,135,60,82,83,103,72,73,88,83,31
16,MICHOACÁN DE OCAMPO,1,Cólera,A00,0,0,0,0,0,0,0,0,0,0,0,0,0,0,0,0,0,0,0,0,0,0,0,0,0,0,0,0,0,0,0,0,0,0,2017,0,0,0,0,0,0,0,0,0,0,0,0,0,0,0,0,0,0,0,0,0,0,0,0,0,0,0,0,0,0,0,0,0,0,0,0,0,0,0,0,0,0,0,0,0,0,0,0,0,0,0,0,0,0,0,0
16,MICHOACÁN DE OCAMPO,2,Amebiasis intestinal,"A06.0-A06.3, A06.9",3501,42,285,298,152,99,83,260,88,95,34,106,2,965,962,461,617,395,0,0,68,33,280,255,408,243,364,322,312,396,270,269,217,165,2017,48,302,266,202,134,139,392,105,170,72,125,2,1544,1957,418,406,206,292,172,0,0,30,20,547,556,255,325,223,0,0,38,13,126,107,174,112,164,128,139,175,126,134,81,78,154,148,234,131,200,194,173,221,144,135,136,87
16,MICHOACÁN DE OCAMPO,5,Shigelosis,A03,90,2,11,14,3,2,1,6,1,2,0,1,0,67,0,0,22,1,0,0,0,0,4,2,6,2,8,22,11,15,7,1,11,1,2017,4,10,7,4,0,3,8,1,3,0,7,0,43,47,29,0,0,13,1,0,0,0,0,38,0,0,9,0,0,0,0,0,1,1,2,2,6,7,5,9,2,1,6,1,3,1,4,0,2,15,6,6,5,0,5,0
16,MICHOACÁN DE OCAMPO,6,Fiebre tifoidea,A01.0,697,1,7,12,7,25,9,47,26,24,8,18,2,388,49,169,89,1,0,0,0,1,48,62,76,60,71,70,84,81,30,36,46,33,2017,1,6,15,29,41,48,178,46,81,28,37,1,186,511,96,16,42,32,0,0,0,0,0,292,33,127,57,1,0,0,0,1,21,16,15,12,20,21,22,23,7,11,10,8,27,46,61,48,51,49,62,58,23,25,36,25
16,MICHOACÁN DE OCAMPO,7,Giardiasis,A07.1,209,1,8,11,7,9,4,17,13,9,4,3,0,45,7,9,139,1,0,0,0,8,5,6,17,18,16,25,33,38,6,27,15,3,2017,0,17,19,5,8,15,28,13,8,4,4,2,86,123,19,1,5,56,1,0,0,0,4,26,6,4,83,0,0,0,0,4,5,2,4,9,6,13,10,15,2,13,6,1,0,4,13,9,10,12,23,23,4,14,9,2
16,MICHOACÁN DE OCAMPO,8,Infecciones intestinales por otros organismos y las mal definidas,"A04, A08-A09 excepto A08.0",171667,4513,14095,10349,7562,5683,5884,12671,4369,5067,2947,4799,231,43632,33399,13599,63504,16816,0,0,0,717,10691,12560,16986,14031,18715,17611,16177,19312,12867,12620,11540,8557,2017,4305,14127,10446,7274,6728,7533,18149,5990,8212,3911,6796,26,78170,93497,19353,15026,5983,30070,7393,0,0,0,345,24279,18373,7616,33434,9423,0,0,0,372,4852,5694,7826,6532,8369,8032,7347,8857,5843,5738,5155,3925,5839,6866,9160,7499,10346,9579,8830,10455,7024,6882,6385,4632
16,MICHOACÁN DE OCAMPO,178,Fiebre paratifoidea,A01.1-A01.4,300,0,3,5,9,10,6,24,7,14,2,7,0,254,15,7,21,0,0,0,0,3,2,6,21,25,32,47,33,39,16,33,32,14,2017,0,5,9,11,18,30,73,14,28,12,13,0,87,213,76,4,0,7,0,0,0,0,0,178,11,7,14,0,0,0,0,3,0,4,2,7,6,14,8,11,7,10,13,5,2,2,19,18,26,33,25,28,9,23,19,9
16,MICHOACÁN DE OCAMPO,93,Otras infecciones intestinales debidas a protozoarios,"A07.0, A07.2, A07.9",1391,44,120,125,66,46,32,73,28,41,20,20,3,789,7,36,360,130,0,0,0,69,124,153,136,96,110,120,144,138,122,98,97,53,2017,30,135,136,75,72,59,118,41,38,26,42,1,618,773,337,3,15,187,47,0,0,0,29,452,4,21,173,83,0,0,0,40,52,74,55,45,47,59,68,61,44,47,42,24,72,79,81,51,63,61,76,77,78,51,55,29
17,MORELOS,1,Cólera,A00,0,0,0,0,0,0,0,0,0,0,0,0,0,0,0,0,0,0,0,0,0,0,0,0,0,0,0,0,0,0,0,0,0,0,2017,0,0,0,0,0,0,0,0,0,0,0,0,0,0,0,0,0,0,0,0,0,0,0,0,0,0,0,0,0,0,0,0,0,0,0,0,0,0,0,0,0,0,0,0,0,0,0,0,0,0,0,0,0,0,0,0
17,MORELOS,2,Amebiasis intestinal,"A06.0-A06.3, A06.9",3845,66,293,247,196,127,118,284,82,97,61,120,2,1115,1648,291,702,23,0,0,66,0,298,383,491,299,474,412,352,344,191,166,267,168,2017,64,274,258,177,152,153,487,133,206,85,162,1,1693,2152,442,711,150,347,8,0,0,35,0,673,937,141,355,15,0,0,31,0,139,180,227,124,209,180,162,141,85,59,113,74,159,203,264,175,265,232,190,203,106,107,154,94
17,MORELOS,5,Shigelosis,A03,18,0,1,0,0,1,1,0,1,0,2,1,0,2,2,12,2,0,0,0,0,0,0,2,0,0,2,0,0,0,0,0,1,13,2017,0,0,1,1,3,2,3,0,1,0,0,0,7,11,1,0,6,0,0,0,0,0,0,1,2,6,2,0,0,0,0,0,0,1,0,0,0,0,0,0,0,0,0,6,0,1,0,0,2,0,0,0,0,0,1,7
17,MORELOS,6,Fiebre tifoidea,A01.0,317,1,7,7,6,6,6,53,7,5,2,6,0,14,150,48,102,3,0,0,0,0,6,15,48,16,20,68,27,16,19,23,27,32,2017,0,2,14,10,11,16,97,19,28,7,7,0,106,211,7,42,15,42,0,0,0,0,0,7,108,33,60,3,0,0,0,0,1,5,20,6,8,23,8,1,7,9,10,8,5,10,28,10,12,45,19,15,12,14,17,24
17,MORELOS,7,Giardiasis,A07.1,150,4,20,14,16,4,1,5,1,3,1,1,0,90,23,11,26,0,0,0,0,0,8,19,10,20,9,18,16,8,11,6,22,3,2017,0,15,16,19,2,4,8,4,5,4,3,0,70,80,38,14,4,14,0,0,0,0,0,52,9,7,12,0,0,0,0,0,3,15,4,4,5,10,7,2,5,2,13,0,5,4,6,16,4,8,9,6,6,4,9,3
17,MORELOS,8,Infecciones intestinales por otros organismos y las mal definidas,"A04, A08-A09 excepto A08.0",110337,2331,8331,5969,4863,3472,4189,9826,2883,3349,1854,3005,75,42380,37246,9513,20654,200,0,0,344,0,8773,9968,11535,8362,12174,16072,11114,9309,5308,5731,6694,5297,2017,2220,7705,6079,4462,4192,5384,13108,4001,5749,2582,4616,92,50147,60190,19433,16482,4038,9981,73,0,0,140,0,22947,20764,5475,10673,127,0,0,204,0,4043,4608,5417,3787,5505,6889,4932,4371,2429,2691,3054,2421,4730,5360,6118,4575,6669,9183,6182,4938,2879,3040,3640,2876
17,MORELOS,178,Fiebre paratifoidea,A01.1-A01.4,15,1,0,0,0,0,1,0,0,1,0,1,0,3,2,8,1,1,0,0,0,0,0,3,1,1,4,1,1,2,0,1,0,1,2017,0,0,1,1,0,1,2,3,1,0,2,0,4,11,1,1,2,0,0,0,0,0,0,2,1,6,1,1,0,0,0,0,0,1,0,0,1,0,1,1,0,0,0,0,0,2,1,1,3,1,0,1,0,1,0,1
17,MORELOS,93,Otras infecciones intestinales debidas a protozoarios,"A07.0, A07.2, A07.9",1010,32,71,68,70,38,33,62,29,25,15,17,2,466,42,58,435,9,0,0,0,0,103,100,69,45,70,118,105,172,79,54,69,26,2017,26,63,79,86,62,39,92,28,33,22,18,0,462,548,203,12,30,213,4,0,0,0,0,263,30,28,222,5,0,0,0,0,42,46,31,19,34,58,50,80,35,25,26,16,61,54,38,26,36,60,55,92,44,29,43,10
18,NAYARIT,1,Cólera,A00,0,0,0,0,0,0,0,0,0,0,0,0,0,0,0,0,0,0,0,0,0,0,0,0,0,0,0,0,0,0,0,0,0,0,2017,0,0,0,0,0,0,0,0,0,0,0,0,0,0,0,0,0,0,0,0,0,0,0,0,0,0,0,0,0,0,0,0,0,0,0,0,0,0,0,0,0,0,0,0,0,0,0,0,0,0,0,0,0,0,0,0
18,NAYARIT,2,Amebiasis intestinal,"A06.0-A06.3, A06.9",6325,42,371,453,407,259,220,422,180,224,126,190,2,2148,226,1015,2406,263,230,0,4,33,352,478,710,419,540,509,550,589,574,532,794,278,2017,67,405,478,450,302,277,570,215,300,166,199,0,2896,3429,950,99,441,1154,122,110,0,4,16,1198,127,574,1252,141,120,0,0,17,147,214,330,207,236,232,253,280,251,245,361,140,205,264,380,212,304,277,297,309,323,287,433,138
18,NAYARIT,5,Shigelosis,A03,39,1,2,5,5,0,0,3,0,1,0,0,0,17,0,4,18,0,0,0,0,0,4,1,2,16,1,0,3,6,3,0,1,2,2017,2,3,5,3,1,0,2,2,2,1,1,0,17,22,9,0,3,5,0,0,0,0,0,8,0,1,13,0,0,0,0,0,3,0,2,7,1,0,2,1,0,0,1,0,1,1,0,9,0,0,1,5,3,0,0,2
18,NAYARIT,6,Fiebre tifoidea,A01.0,102,0,0,2,4,3,2,10,5,2,3,3,0,68,0,31,3,0,0,0,0,0,19,10,12,14,15,3,9,1,1,8,5,5,2017,1,0,2,2,7,2,26,8,12,3,5,0,34,68,27,0,5,2,0,0,0,0,0,41,0,26,1,0,0,0,0,0,8,2,5,4,5,2,3,0,0,3,1,1,11,8,7,10,10,1,6,1,1,5,4,4
18,NAYARIT,7,Giardiasis,A07.1,213,1,28,36,20,8,6,6,4,2,0,5,0,99,0,12,89,9,4,0,0,0,24,17,29,38,23,10,11,19,11,6,18,7,2017,4,35,26,4,4,6,7,2,4,0,5,0,116,97,55,0,6,50,3,2,0,0,0,44,0,6,39,6,2,0,0,0,11,12,16,23,13,6,5,11,2,4,9,4,13,5,13,15,10,4,6,8,9,2,9,3
18,NAYARIT,8,Infecciones intestinales por otros organismos y las mal definidas,"A04, A08-A09 excepto A08.0",71040,1995,6016,3961,2846,2139,2772,6097,1945,2041,1222,2107,28,17456,25311,8606,12867,4988,964,0,217,631,4500,5114,7082,6552,7556,4968,7215,8843,6124,4794,4851,3441,2017,1707,5618,3925,2622,2560,3314,8328,2360,3005,1676,2704,52,33169,37871,8280,11331,3936,6387,2329,451,0,128,327,9176,13980,4670,6480,2659,513,0,89,304,2091,2410,3331,3115,3395,2344,3404,4140,2864,2207,2237,1631,2409,2704,3751,3437,4161,2624,3811,4703,3260,2587,2614,1810
18,NAYARIT,178,Fiebre paratifoidea,A01.1-A01.4,135,0,0,2,1,2,4,13,5,8,4,6,0,23,0,72,39,0,1,0,0,0,31,10,9,5,4,5,0,12,26,7,19,7,2017,0,0,3,3,12,8,24,16,15,4,5,0,45,90,7,0,24,14,0,0,0,0,0,16,0,48,25,0,1,0,0,0,10,6,3,2,1,1,0,5,7,1,7,2,21,4,6,3,3,4,0,7,19,6,12,5
18,NAYARIT,93,Otras infecciones intestinales debidas a protozoarios,"A07.0, A07.2, A07.9",1924,23,150,112,107,41,60,136,70,90,32,47,0,834,2,417,573,16,82,0,0,0,110,190,276,196,184,116,134,181,127,180,146,84,2017,29,130,139,84,78,92,222,109,96,34,43,0,868,1056,377,1,191,258,8,33,0,0,0,457,1,226,315,8,49,0,0,0,50,85,135,89,82,54,68,77,52,87,50,39,60,105,141,107,102,62,66,104,75,93,96,45
19,NUEVO LEÓN,1,Cólera,A00,0,0,0,0,0,0,0,0,0,0,0,0,0,0,0,0,0,0,0,0,0,0,0,0,0,0,0,0,0,0,0,0,0,0,2017,0,0,0,0,0,0,0,0,0,0,0,0,0,0,0,0,0,0,0,0,0,0,0,0,0,0,0,0,0,0,0,0,0,0,0,0,0,0,0,0,0,0,0,0,0,0,0,0,0,0,0,0,0,0,0,0
19,NUEVO LEÓN,2,Amebiasis intestinal,"A06.0-A06.3, A06.9",2805,33,207,230,155,99,86,269,87,73,28,60,0,727,818,81,1135,0,0,5,39,0,255,197,330,209,255,266,222,300,218,201,227,125,2017,39,239,232,136,98,147,300,77,96,39,75,0,1327,1478,331,387,42,550,0,0,1,16,0,396,431,39,585,0,0,4,23,0,126,100,159,106,127,135,103,129,96,89,97,60,129,97,171,103,128,131,119,171,122,112,130,65
19,NUEVO LEÓN,5,Shigelosis,A03,110,1,10,7,10,3,5,7,0,4,1,2,0,21,1,1,87,0,0,0,0,0,2,5,8,2,11,12,22,17,17,5,8,1,2017,5,19,7,3,3,6,5,5,2,2,3,0,50,60,14,0,0,36,0,0,0,0,0,7,1,1,51,0,0,0,0,0,0,1,6,1,5,5,9,9,8,2,3,1,2,4,2,1,6,7,13,8,9,3,5,0
19,NUEVO LEÓN,6,Fiebre tifoidea,A01.0,1303,6,9,22,32,47,65,140,54,40,15,14,0,148,190,101,862,0,0,2,0,0,51,82,120,163,172,103,107,169,125,82,83,46,2017,3,15,19,36,99,135,293,84,102,22,51,0,444,859,28,43,30,342,0,0,1,0,0,120,147,71,520,0,0,1,0,0,14,33,37,64,63,34,51,52,36,27,20,13,37,49,83,99,109,69,56,117,89,55,63,33
19,NUEVO LEÓN,7,Giardiasis,A07.1,377,7,27,50,39,18,9,15,3,3,1,6,0,180,31,0,164,0,0,2,0,0,36,33,58,25,80,37,43,19,11,15,12,8,2017,6,69,48,26,16,7,9,5,7,1,5,0,178,199,78,15,0,85,0,0,0,0,0,102,16,0,79,0,0,2,0,0,17,20,27,15,31,20,19,10,6,5,5,3,19,13,31,10,49,17,24,9,5,10,7,5
19,NUEVO LEÓN,8,Infecciones intestinales por otros organismos y las mal definidas,"A04, A08-A09 excepto A08.0",255764,5529,19721,15158,10988,8515,11629,26180,6564,7224,3221,5270,148,37572,108754,6253,101954,14,0,989,228,0,14989,19772,27711,20193,27500,20494,19779,23513,18018,22135,26839,14821,2017,5347,18357,14159,9987,9248,13151,31153,9016,11931,4695,8446,127,120147,135617,16926,50503,2362,49755,7,0,486,108,0,20646,58251,3891,52199,7,0,503,120,0,7158,9434,12973,9476,12863,9659,8820,11082,8414,10567,12489,7212,7831,10338,14738,10717,14637,10835,10959,12431,9604,11568,14350,7609
19,NUEVO LEÓN,178,Fiebre paratifoidea,A01.1-A01.4,205,0,1,2,6,13,20,18,14,1,0,4,0,33,18,4,144,0,0,0,6,0,10,31,15,5,49,25,8,15,15,19,6,7,2017,1,2,15,3,30,19,27,12,11,1,5,0,79,126,6,3,1,65,0,0,0,4,0,27,15,3,79,0,0,0,2,0,5,17,5,3,15,14,2,0,5,9,1,3,5,14,10,2,34,11,6,15,10,10,5,4
19,NUEVO LEÓN,93,Otras infecciones intestinales debidas a protozoarios,"A07.0, A07.2, A07.9",721,16,85,74,35,21,18,56,11,12,10,13,2,372,6,13,329,0,0,0,1,0,43,64,67,44,87,56,92,48,44,53,50,73,2017,20,76,52,34,23,24,69,15,35,10,9,1,353,368,185,5,4,158,0,0,0,1,0,187,1,9,171,0,0,0,0,0,16,33,39,25,42,26,42,23,21,25,21,40,27,31,28,19,45,30,50,25,23,28,29,33
20,OAXACA,1,Cólera,A00,0,0,0,0,0,0,0,0,0,0,0,0,0,0,0,0,0,0,0,0,0,0,0,0,0,0,0,0,0,0,0,0,0,0,2017,0,0,0,0,0,0,0,0,0,0,0,0,0,0,0,0,0,0,0,0,0,0,0,0,0,0,0,0,0,0,0,0,0,0,0,0,0,0,0,0,0,0,0,0,0,0,0,0,0,0,0,0,0,0,0,0
20,OAXACA,2,Amebiasis intestinal,"A06.0-A06.3, A06.9",18482,214,1539,1441,1050,541,459,1066,419,516,252,470,5,8453,1925,1827,1061,4547,74,97,485,13,1485,1591,1905,1335,1891,1845,1731,1797,1206,1436,1514,746,2017,186,1560,1684,1169,792,741,1963,627,768,366,650,4,7972,10510,3545,876,756,530,1931,31,46,251,6,4908,1049,1071,531,2616,43,51,234,7,634,726,843,550,812,770,735,773,508,664,635,322,851,865,1062,785,1079,1075,996,1024,698,772,879,424
20,OAXACA,5,Shigelosis,A03,356,6,36,27,16,14,9,25,6,13,3,5,0,230,9,6,73,38,0,0,0,0,23,49,60,18,35,30,21,38,29,21,19,13,2017,12,44,30,17,18,14,26,3,10,9,13,0,160,196,100,5,4,34,17,0,0,0,0,130,4,2,39,21,0,0,0,0,7,23,25,5,16,15,6,19,17,11,10,6,16,26,35,13,19,15,15,19,12,10,9,7
20,OAXACA,6,Fiebre tifoidea,A01.0,391,4,12,20,19,13,7,27,8,10,4,13,3,259,53,37,7,12,0,5,18,0,33,47,54,48,41,30,20,23,34,22,27,12,2017,0,14,23,22,20,22,76,16,30,13,15,0,140,251,93,14,13,5,7,0,1,7,0,166,39,24,2,5,0,4,11,0,15,18,15,21,16,8,6,10,11,8,10,2,18,29,39,27,25,22,14,13,23,14,17,10
20,OAXACA,7,Giardiasis,A07.1,766,15,77,66,58,49,22,36,23,16,8,11,0,372,35,92,51,61,7,2,146,0,46,56,97,45,89,74,56,104,48,50,72,29,2017,10,71,61,56,27,38,57,29,13,8,15,0,381,385,183,19,34,23,31,3,1,87,0,189,16,58,28,30,4,1,59,0,23,28,47,22,39,38,32,61,24,22,30,15,23,28,50,23,50,36,24,43,24,28,42,14
20,OAXACA,8,Infecciones intestinales por otros organismos y las mal definidas,"A04, A08-A09 excepto A08.0",170602,4211,16355,10978,7598,5421,5512,11654,4435,5079,2841,4237,108,65599,21056,12986,52349,13079,106,2656,1333,1438,13932,14650,16915,12973,18765,19890,16833,15940,10162,10688,11296,8558,2017,4585,15796,10819,7204,6483,7343,16938,5716,7338,3724,6198,29,78429,92173,29205,9673,5503,25468,5822,36,1268,692,762,36394,11383,7483,26881,7257,70,1388,641,676,6580,6775,7801,5893,8517,8985,7679,7297,4660,4928,5347,3967,7352,7875,9114,7080,10248,10905,9154,8643,5502,5760,5949,4591
20,OAXACA,178,Fiebre paratifoidea,A01.1-A01.4,138,0,0,8,10,5,5,8,1,5,2,9,0,69,2,36,25,6,0,0,0,0,7,7,20,4,10,10,20,9,25,2,10,14,2017,1,0,10,7,11,10,36,4,2,3,1,0,53,85,28,0,15,9,1,0,0,0,0,41,2,21,16,5,0,0,0,0,2,2,9,0,3,6,4,4,10,2,5,6,5,5,11,4,7,4,16,5,15,0,5,8
20,OAXACA,93,Otras infecciones intestinales debidas a protozoarios,"A07.0, A07.2, A07.9",4397,65,343,370,251,142,110,255,133,151,73,107,0,2837,1,895,239,153,24,0,228,20,324,404,411,383,485,424,391,502,393,285,272,123,2017,81,390,368,261,199,180,386,124,179,98,130,1,2000,2397,1323,1,372,98,66,8,0,123,9,1514,0,523,141,87,16,0,105,11,136,186,196,180,223,175,179,237,200,105,130,53,188,218,215,203,262,249,212,265,193,180,142,70
21,PUEBLA,1,Cólera,A00,0,0,0,0,0,0,0,0,0,0,0,0,0,0,0,0,0,0,0,0,0,0,0,0,0,0,0,0,0,0,0,0,0,0,2017,0,0,0,0,0,0,0,0,0,0,0,0,0,0,0,0,0,0,0,0,0,0,0,0,0,0,0,0,0,0,0,0,0,0,0,0,0,0,0,0,0,0,0,0,0,0,0,0,0,0,0,0,0,0,0,0
21,PUEBLA,2,Amebiasis intestinal,"A06.0-A06.3, A06.9",16993,335,1579,1389,1105,649,553,1049,360,344,199,325,4,5098,2956,478,4527,3902,9,23,0,0,1462,1451,1884,1355,1953,1566,1444,1660,1214,1119,1198,687,2017,316,1474,1497,1102,776,671,1448,483,602,257,456,20,7891,9102,2220,1407,224,2307,1713,6,14,0,0,2878,1549,254,2220,2189,3,9,0,0,675,663,897,636,877,702,662,808,592,510,551,318,787,788,987,719,1076,864,782,852,622,609,647,369
21,PUEBLA,5,Shigelosis,A03,232,1,18,11,11,14,11,15,9,7,3,1,0,40,16,2,143,29,2,0,0,0,5,11,16,10,17,116,14,13,4,7,10,9,2017,5,22,13,9,14,10,30,11,8,2,7,0,101,131,16,5,1,67,12,0,0,0,0,24,11,1,76,17,2,0,0,0,3,6,7,4,7,54,8,2,2,2,5,1,2,5,9,6,10,62,6,11,2,5,5,8
21,PUEBLA,6,Fiebre tifoidea,A01.0,235,0,2,4,11,4,7,12,11,11,8,7,0,87,1,22,112,11,1,1,0,0,34,14,6,9,20,25,7,17,14,22,57,10,2017,2,3,11,14,19,18,45,19,17,4,6,0,77,158,23,0,6,45,3,0,0,0,0,64,1,16,67,8,1,1,0,0,13,5,2,2,7,7,2,3,4,7,23,2,21,9,4,7,13,18,5,14,10,15,34,8
21,PUEBLA,7,Giardiasis,A07.1,327,2,12,21,17,39,25,21,10,2,1,2,0,114,13,1,163,22,14,0,0,0,26,21,30,21,47,32,38,22,25,28,21,16,2017,3,27,24,35,36,15,20,3,7,1,4,0,152,175,49,4,0,83,13,3,0,0,0,65,9,1,80,9,11,0,0,0,8,13,15,7,23,16,19,15,10,13,7,6,18,8,15,14,24,16,19,7,15,15,14,10
21,PUEBLA,8,Infecciones intestinales por otros organismos y las mal definidas,"A04, A08-A09 excepto A08.0",272328,5809,20010,14635,12286,9529,10736,24139,7861,9225,4636,6779,199,55812,68965,10390,122354,12139,69,1445,1154,0,22983,24779,31261,21841,34395,27844,24345,21843,16243,15852,17823,13119,2017,5802,19464,14901,11697,10595,12034,31345,10169,13548,6406,10467,56,125844,146484,24634,31860,4090,58515,5408,40,727,570,0,31178,37105,6300,63839,6731,29,718,584,0,10679,11464,14518,10103,15584,12659,11412,10021,7576,7338,8414,6076,12304,13315,16743,11738,18811,15185,12933,11822,8667,8514,9409,7043
21,PUEBLA,178,Fiebre paratifoidea,A01.1-A01.4,332,0,3,9,9,13,13,32,18,22,6,7,0,122,4,35,155,16,0,0,0,0,25,57,34,22,42,49,37,18,16,6,11,15,2017,0,4,7,12,21,27,68,25,17,7,12,0,132,200,52,2,9,67,2,0,0,0,0,70,2,26,88,14,0,0,0,0,8,19,14,12,19,20,13,6,7,1,7,6,17,38,20,10,23,29,24,12,9,5,4,9
21,PUEBLA,93,Otras infecciones intestinales debidas a protozoarios,"A07.0, A07.2, A07.9",3932,63,267,339,274,184,123,233,81,105,49,87,1,1492,61,684,1402,290,3,0,0,0,465,217,371,409,412,282,371,439,282,248,266,170,2017,65,288,282,270,190,136,402,116,187,74,116,0,1806,2126,675,33,278,688,132,0,0,0,0,817,28,406,714,158,3,0,0,0,236,108,174,194,183,108,155,220,134,118,106,70,229,109,197,215,229,174,216,219,148,130,160,100
22,QUERÉTARO,1,Cólera,A00,0,0,0,0,0,0,0,0,0,0,0,0,0,0,0,0,0,0,0,0,0,0,0,0,0,0,0,0,0,0,0,0,0,0,2017,0,0,0,0,0,0,0,0,0,0,0,0,0,0,0,0,0,0,0,0,0,0,0,0,0,0,0,0,0,0,0,0,0,0,0,0,0,0,0,0,0,0,0,0,0,0,0,0,0,0,0,0,0,0,0,0
22,QUERÉTARO,2,Amebiasis intestinal,"A06.0-A06.3, A06.9",1204,14,86,73,50,36,38,115,12,36,10,25,0,603,421,79,98,0,3,0,0,0,89,83,128,92,147,131,91,120,83,95,99,46,2017,18,94,96,41,35,58,194,52,56,27,38,0,495,709,225,175,40,53,0,2,0,0,0,378,246,39,45,0,1,0,0,0,38,31,50,37,58,54,33,56,38,37,47,16,51,52,78,55,89,77,58,64,45,58,52,30
22,QUERÉTARO,5,Shigelosis,A03,2,0,0,0,0,0,0,1,0,0,0,0,0,2,0,0,0,0,0,0,0,0,0,0,0,0,1,1,0,0,0,0,0,0,2017,0,0,0,0,0,1,0,0,0,0,0,0,1,1,1,0,0,0,0,0,0,0,0,1,0,0,0,0,0,0,0,0,0,0,0,0,1,0,0,0,0,0,0,0,0,0,0,0,0,1,0,0,0,0,0,0
22,QUERÉTARO,6,Fiebre tifoidea,A01.0,52,0,0,3,1,1,1,11,1,1,3,0,0,12,26,0,13,0,1,0,0,0,5,3,6,2,6,6,2,5,7,4,3,3,2017,0,1,1,1,2,4,17,2,1,1,0,0,22,30,2,13,0,7,0,0,0,0,0,10,13,0,6,0,1,0,0,0,2,1,3,1,2,3,0,2,4,1,2,1,3,2,3,1,4,3,2,3,3,3,1,2
22,QUERÉTARO,7,Giardiasis,A07.1,73,0,5,13,3,3,2,4,1,0,1,0,0,53,14,0,4,0,0,0,2,0,3,5,7,3,10,3,6,7,8,10,7,4,2017,0,12,2,6,2,3,8,1,4,0,3,0,32,41,26,5,0,1,0,0,0,0,0,27,9,0,3,0,0,0,2,0,1,1,4,2,6,3,2,3,3,5,1,1,2,4,3,1,4,0,4,4,5,5,6,3
22,QUERÉTARO,8,Infecciones intestinales por otros organismos y las mal definidas,"A04, A08-A09 excepto A08.0",101736,2219,8233,5295,3776,2984,4584,11398,2502,2884,1229,1952,0,22501,43544,5889,28104,192,1177,0,329,0,5563,6199,10122,8548,11793,11809,10031,11337,7721,6200,6904,5509,2017,1942,7367,5095,3368,3374,5318,14797,3564,4845,1882,3128,0,47056,54680,10479,20046,2185,13594,80,512,0,160,0,12022,23498,3704,14510,112,665,0,169,0,2633,2921,4679,3943,5294,5392,4589,5318,3599,2826,3248,2614,2930,3278,5443,4605,6499,6417,5442,6019,4122,3374,3656,2895
22,QUERÉTARO,178,Fiebre paratifoidea,A01.1-A01.4,11,0,0,1,1,0,0,2,0,0,0,0,0,5,0,2,4,0,0,0,0,0,2,2,3,0,0,1,0,0,2,0,1,0,2017,0,0,1,1,0,0,1,2,2,0,0,0,4,7,2,0,0,2,0,0,0,0,0,3,0,2,2,0,0,0,0,0,1,1,1,0,0,0,0,0,0,0,1,0,1,1,2,0,0,1,0,0,2,0,0,0
22,QUERÉTARO,93,Otras infecciones intestinales debidas a protozoarios,"A07.0, A07.2, A07.9",395,10,41,32,21,8,5,21,6,14,8,6,0,207,1,125,59,0,3,0,0,0,15,58,43,22,36,49,27,46,23,28,31,17,2017,10,55,21,17,7,14,39,9,25,11,15,0,172,223,93,1,51,26,0,1,0,0,0,114,0,74,33,0,2,0,0,0,5,21,20,12,16,27,10,25,9,12,6,9,10,37,23,10,20,22,17,21,14,16,25,8
23,QUINTANA ROO,1,Cólera,A00,0,0,0,0,0,0,0,0,0,0,0,0,0,0,0,0,0,0,0,0,0,0,0,0,0,0,0,0,0,0,0,0,0,0,2017,0,0,0,0,0,0,0,0,0,0,0,0,0,0,0,0,0,0,0,0,0,0,0,0,0,0,0,0,0,0,0,0,0,0,0,0,0,0,0,0,0,0,0,0,0,0,0,0,0,0,0,0,0,0,0,0
23,QUINTANA ROO,2,Amebiasis intestinal,"A06.0-A06.3, A06.9",4998,86,476,415,308,190,243,419,126,84,47,58,0,1494,1091,813,1553,0,0,0,43,4,371,429,577,352,507,450,390,583,386,318,412,223,2017,99,477,408,274,198,198,500,122,140,52,77,1,2452,2546,685,554,433,755,0,0,0,23,2,809,537,380,798,0,0,0,20,2,174,200,264,168,269,239,193,268,197,166,205,109,197,229,313,184,238,211,197,315,189,152,207,114
23,QUINTANA ROO,5,Shigelosis,A03,7,0,1,0,1,0,2,0,0,0,0,0,0,4,1,2,0,0,0,0,0,0,0,2,0,0,1,0,3,1,0,0,0,0,2017,0,0,3,0,0,0,0,0,0,0,0,0,4,3,2,0,2,0,0,0,0,0,0,2,1,0,0,0,0,0,0,0,0,1,0,0,1,0,1,1,0,0,0,0,0,1,0,0,0,0,2,0,0,0,0,0
23,QUINTANA ROO,6,Fiebre tifoidea,A01.0,5,0,0,0,0,0,0,1,0,0,0,0,0,4,1,0,0,0,0,0,0,0,0,0,0,0,0,0,0,4,0,1,0,0,2017,0,1,1,0,1,0,1,0,0,0,0,0,1,4,0,1,0,0,0,0,0,0,0,4,0,0,0,0,0,0,0,0,0,0,0,0,0,0,0,0,0,1,0,0,0,0,0,0,0,0,0,4,0,0,0,0
23,QUINTANA ROO,7,Giardiasis,A07.1,249,1,28,30,12,7,3,8,1,1,1,2,0,34,74,49,92,0,0,0,0,0,19,22,28,22,22,19,14,26,18,14,29,16,2017,6,32,27,55,12,2,11,1,2,3,4,0,94,155,14,34,1,45,0,0,0,0,0,20,40,48,47,0,0,0,0,0,5,8,11,8,6,7,4,12,8,7,11,7,14,14,17,14,16,12,10,14,10,7,18,9
23,QUINTANA ROO,8,Infecciones intestinales por otros organismos y las mal definidas,"A04, A08-A09 excepto A08.0",112283,2421,7725,6138,4638,4487,6435,12523,3495,3739,1737,1374,39,19978,30765,3514,57542,0,0,0,120,364,7103,8388,10960,7832,11459,9694,10120,11977,8475,8807,10350,7118,2017,2429,7453,6036,4514,4676,6805,14157,3958,3847,1969,1681,7,54751,57532,9264,14864,1646,28753,0,0,0,51,173,10714,15901,1868,28789,0,0,0,69,191,3416,4147,5399,3821,5451,4846,4906,5774,4185,4258,4970,3578,3687,4241,5561,4011,6008,4848,5214,6203,4290,4549,5380,3540
23,QUINTANA ROO,178,Fiebre paratifoidea,A01.1-A01.4,96,0,0,0,1,10,18,11,1,0,0,1,0,0,0,89,7,0,0,0,0,0,13,10,9,8,6,6,5,9,9,9,8,4,2017,0,0,1,3,12,29,7,2,0,0,0,0,42,54,0,0,40,2,0,0,0,0,0,0,0,49,5,0,0,0,0,0,7,5,4,1,3,3,3,3,5,3,3,2,6,5,5,7,3,3,2,6,4,6,5,2
23,QUINTANA ROO,93,Otras infecciones intestinales debidas a protozoarios,"A07.0, A07.2, A07.9",1249,22,140,133,83,49,43,73,18,32,8,13,0,686,15,0,545,0,0,0,0,3,115,122,164,72,132,81,100,88,77,91,142,65,2017,32,163,80,96,65,60,88,19,13,8,11,0,614,635,309,8,0,295,0,0,0,0,2,377,7,0,250,0,0,0,0,1,49,56,81,34,68,49,48,36,38,49,73,33,66,66,83,38,64,32,52,52,39,42,69,32
24,SAN LUIS POTOSÍ,1,Cólera,A00,0,0,0,0,0,0,0,0,0,0,0,0,0,0,0,0,0,0,0,0,0,0,0,0,0,0,0,0,0,0,0,0,0,0,2017,0,0,0,0,0,0,0,0,0,0,0,0,0,0,0,0,0,0,0,0,0,0,0,0,0,0,0,0,0,0,0,0,0,0,0,0,0,0,0,0,0,0,0,0,0,0,0,0,0,0,0,0,0,0,0,0
24,SAN LUIS POTOSÍ,2,Amebiasis intestinal,"A06.0-A06.3, A06.9",5649,62,410,395,344,209,183,328,125,152,80,136,0,1768,800,511,1911,659,0,0,0,0,363,432,519,382,563,483,528,667,502,537,456,217,2017,57,471,542,367,281,208,573,187,245,112,182,0,2424,3225,695,375,207,859,288,0,0,0,0,1073,425,304,1052,371,0,0,0,0,131,200,207,164,253,208,219,297,223,222,198,102,232,232,312,218,310,275,309,370,279,315,258,115
24,SAN LUIS POTOSÍ,5,Shigelosis,A03,74,0,9,5,1,3,1,5,2,2,0,0,0,58,4,0,7,5,0,0,0,0,12,8,10,8,8,3,4,7,4,2,7,1,2017,2,7,8,5,0,3,14,1,3,0,3,0,28,46,19,3,0,5,1,0,0,0,0,39,1,0,2,4,0,0,0,0,3,2,3,1,6,2,3,3,2,0,2,1,9,6,7,7,2,1,1,4,2,2,5,0
24,SAN LUIS POTOSÍ,6,Fiebre tifoidea,A01.0,374,0,5,5,14,12,5,30,6,7,1,7,0,248,1,45,65,6,0,9,0,0,21,28,47,54,51,33,29,35,20,26,23,7,2017,0,3,13,28,40,18,100,19,38,8,15,0,92,282,52,0,12,27,1,0,0,0,0,196,1,33,38,5,0,9,0,0,5,8,10,19,11,9,4,9,6,6,5,0,16,20,37,35,40,24,25,26,14,20,18,7
24,SAN LUIS POTOSÍ,7,Giardiasis,A07.1,477,4,64,47,35,13,11,23,7,9,3,7,0,304,43,10,99,17,0,4,0,0,23,35,38,69,62,40,39,63,39,28,20,21,2017,4,32,44,27,25,23,41,19,23,7,9,0,223,254,132,28,4,45,10,0,4,0,0,172,15,6,54,7,0,0,0,0,12,13,20,32,30,15,23,34,15,12,8,9,11,22,18,37,32,25,16,29,24,16,12,12
24,SAN LUIS POTOSÍ,8,Infecciones intestinales por otros organismos y las mal definidas,"A04, A08-A09 excepto A08.0",142451,3676,13018,8616,6380,4750,5357,11517,3502,4097,2110,3453,0,25410,35818,9863,60898,10116,0,199,147,0,9403,9751,14707,14128,18192,12712,10743,14865,10563,10500,10877,6010,2017,3626,12526,8322,5562,5143,6276,15341,4729,6598,2753,5099,0,66476,75975,11707,16689,3919,29293,4702,0,100,66,0,13703,19129,5944,31605,5414,0,99,81,0,4493,4561,6871,6556,8496,5843,5018,6981,4984,4878,4908,2887,4910,5190,7836,7572,9696,6869,5725,7884,5579,5622,5969,3123
24,SAN LUIS POTOSÍ,178,Fiebre paratifoidea,A01.1-A01.4,70,0,0,2,2,0,7,6,2,1,0,1,0,40,0,3,26,1,0,0,0,0,4,10,3,6,9,7,5,5,5,4,7,5,2017,0,2,0,2,5,4,23,5,5,0,3,0,21,49,6,0,2,13,0,0,0,0,0,34,0,1,13,1,0,0,0,0,1,5,2,2,5,0,0,1,1,1,2,1,3,5,1,4,4,7,5,4,4,3,5,4
24,SAN LUIS POTOSÍ,93,Otras infecciones intestinales debidas a protozoarios,"A07.0, A07.2, A07.9",3627,46,236,235,201,175,166,194,156,146,102,80,0,852,0,147,2474,154,0,0,0,0,76,130,153,289,500,395,325,524,389,338,330,178,2017,67,274,247,186,195,229,229,151,152,97,63,0,1737,1890,384,0,61,1230,62,0,0,0,0,468,0,86,1244,92,0,0,0,0,31,62,80,137,227,179,168,243,191,153,176,90,45,68,73,152,273,216,157,281,198,185,154,88
25,SINALOA,1,Cólera,A00,0,0,0,0,0,0,0,0,0,0,0,0,0,0,0,0,0,0,0,0,0,0,0,0,0,0,0,0,0,0,0,0,0,0,2017,0,0,0,0,0,0,0,0,0,0,0,0,0,0,0,0,0,0,0,0,0,0,0,0,0,0,0,0,0,0,0,0,0,0,0,0,0,0,0,0,0,0,0,0,0,0,0,0,0,0,0,0,0,0,0,0
25,SINALOA,2,Amebiasis intestinal,"A06.0-A06.3, A06.9",12666,164,911,1050,819,443,433,792,338,472,241,276,1,2322,1934,771,7036,236,233,5,42,87,789,751,1415,892,1422,1242,975,1282,1076,1147,1071,604,2017,225,994,957,757,567,547,1187,502,469,227,294,0,5940,6726,934,883,332,3515,102,110,1,21,42,1388,1051,439,3521,134,123,4,21,45,356,360,666,408,648,597,433,607,489,533,532,311,433,391,749,484,774,645,542,675,587,614,539,293
25,SINALOA,5,Shigelosis,A03,86,2,4,3,1,4,8,4,5,2,1,0,0,6,12,3,61,1,3,0,0,0,17,1,3,0,4,3,3,13,10,1,24,7,2017,3,7,3,5,6,6,13,5,2,2,0,0,34,52,3,4,0,26,0,1,0,0,0,3,8,3,35,1,2,0,0,0,8,0,2,0,2,2,0,7,3,0,8,2,9,1,1,0,2,1,3,6,7,1,16,5
25,SINALOA,6,Fiebre tifoidea,A01.0,9846,3,40,124,194,218,394,837,347,369,157,209,0,4330,1194,528,3704,29,58,3,0,0,825,783,969,622,914,781,770,878,751,1073,961,519,2017,7,49,122,291,497,1030,2658,874,854,252,319,1,2892,6954,972,282,182,1428,10,17,1,0,0,3358,912,346,2276,19,41,2,0,0,264,224,271,196,258,187,203,258,250,347,257,177,561,559,698,426,656,594,567,620,501,726,704,342
25,SINALOA,7,Giardiasis,A07.1,2539,18,208,248,185,90,138,149,74,61,21,47,1,350,143,26,1945,14,20,2,0,39,152,141,255,190,244,209,245,244,248,246,264,101,2017,23,317,228,164,86,101,184,54,92,23,27,0,1240,1299,138,74,7,991,5,7,1,0,17,212,69,19,954,9,13,1,0,22,63,78,122,82,110,111,109,119,136,133,131,46,89,63,133,108,134,98,136,125,112,113,133,55
25,SINALOA,8,Infecciones intestinales por otros organismos y las mal definidas,"A04, A08-A09 excepto A08.0",156793,4793,13478,8649,6681,5057,6044,12374,4393,4926,2782,4745,52,23878,40183,11883,73661,3485,2207,154,953,389,9536,12149,16665,15619,17526,11887,11008,15426,15297,12882,10942,7856,2017,4631,12512,8429,5974,5665,6909,15840,5563,7473,3608,6203,12,73974,82819,10967,18178,5081,36345,1634,1072,61,460,176,12911,22005,6802,37316,1851,1135,93,493,213,4387,5845,7823,7263,8207,5641,5194,7269,7374,6033,5133,3805,5149,6304,8842,8356,9319,6246,5814,8157,7923,6849,5809,4051
25,SINALOA,178,Fiebre paratifoidea,A01.1-A01.4,1931,0,8,12,27,51,165,274,120,98,37,33,0,74,171,62,1601,2,21,0,0,0,161,126,131,113,161,117,112,315,168,162,221,144,2017,3,8,17,35,143,224,348,148,109,32,39,0,825,1106,20,54,16,728,1,6,0,0,0,54,117,46,873,1,15,0,0,0,69,54,55,49,83,46,42,150,58,67,89,63,92,72,76,64,78,71,70,165,110,95,132,81
25,SINALOA,93,Otras infecciones intestinales debidas a protozoarios,"A07.0, A07.2, A07.9",5839,60,459,520,381,236,218,300,179,166,137,90,0,216,2,1035,4137,114,122,0,57,156,311,427,557,494,802,400,460,432,517,446,579,414,2017,86,613,495,289,238,266,473,224,194,118,97,0,2746,3093,101,1,478,1936,58,59,0,25,88,115,1,557,2201,56,63,0,32,68,146,216,258,256,395,206,180,221,225,220,217,206,165,211,299,238,407,194,280,211,292,226,362,208
26,SONORA,1,Cólera,A00,0,0,0,0,0,0,0,0,0,0,0,0,0,0,0,0,0,0,0,0,0,0,0,0,0,0,0,0,0,0,0,0,0,0,2017,0,0,0,0,0,0,0,0,0,0,0,0,0,0,0,0,0,0,0,0,0,0,0,0,0,0,0,0,0,0,0,0,0,0,0,0,0,0,0,0,0,0,0,0,0,0,0,0,0,0,0,0,0,0,0,0
26,SONORA,2,Amebiasis intestinal,"A06.0-A06.3, A06.9",2208,39,195,154,112,77,61,154,39,59,16,41,0,779,956,68,397,2,0,0,0,6,180,165,230,182,256,173,140,218,205,156,184,119,2017,41,175,182,182,109,74,213,62,104,44,75,0,947,1261,330,415,29,168,1,0,0,0,4,449,541,39,229,1,0,0,0,2,80,75,94,77,111,78,50,97,86,56,95,48,100,90,136,105,145,95,90,121,119,100,89,71
26,SONORA,5,Shigelosis,A03,73,3,0,6,6,5,3,8,1,3,0,0,0,13,31,0,29,0,0,0,0,0,5,2,7,4,9,8,1,2,0,27,5,3,2017,0,5,4,2,2,4,14,4,0,2,1,0,35,38,8,11,0,16,0,0,0,0,0,5,20,0,13,0,0,0,0,0,3,0,3,1,4,4,0,2,0,13,4,1,2,2,4,3,5,4,1,0,0,14,1,2
26,SONORA,6,Fiebre tifoidea,A01.0,136,2,5,3,4,0,2,13,2,4,2,1,0,58,50,11,14,0,0,0,0,3,5,28,19,9,10,8,6,4,14,9,13,11,2017,3,4,4,7,11,6,35,10,12,4,2,0,38,98,15,10,4,7,0,0,0,0,2,43,40,7,7,0,0,0,0,1,2,11,4,2,4,1,2,1,6,1,3,1,3,17,15,7,6,7,4,3,8,8,10,10
26,SONORA,7,Giardiasis,A07.1,513,3,65,44,30,51,16,15,3,7,5,4,0,186,84,44,197,0,0,0,0,2,40,35,57,33,73,33,49,57,53,26,29,28,2017,0,56,47,53,43,13,23,10,10,1,14,0,243,270,89,37,20,95,0,0,0,0,2,97,47,24,102,0,0,0,0,0,18,14,32,14,33,15,27,19,23,18,14,16,22,21,25,19,40,18,22,38,30,8,15,12
26,SONORA,8,Infecciones intestinales por otros organismos y las mal definidas,"A04, A08-A09 excepto A08.0",147009,5023,12581,6758,4816,3789,5450,14495,3910,4227,2160,3940,64,32333,63593,9003,40590,178,0,0,957,355,7306,6870,12747,15464,20791,14233,11519,17937,12241,10285,10641,6975,2017,4646,11556,6401,4497,4796,6740,19585,5584,6882,3151,5922,36,67213,79796,14990,28661,3785,19125,63,0,0,440,149,17343,34932,5218,21465,115,0,0,517,206,3331,3178,5857,7113,9349,6439,5265,8230,5690,4645,4853,3263,3975,3692,6890,8351,11442,7794,6254,9707,6551,5640,5788,3712
26,SONORA,178,Fiebre paratifoidea,A01.1-A01.4,43,0,1,2,1,0,0,8,0,2,2,0,0,23,9,2,9,0,0,0,0,0,3,6,0,4,7,6,1,2,1,4,9,0,2017,0,0,0,1,6,5,7,2,1,2,3,0,16,27,10,1,0,5,0,0,0,0,0,13,8,2,4,0,0,0,0,0,0,4,0,1,3,0,1,1,0,2,4,0,3,2,0,3,4,6,0,1,1,2,5,0
26,SONORA,93,Otras infecciones intestinales debidas a protozoarios,"A07.0, A07.2, A07.9",680,9,68,55,44,25,17,28,15,4,9,12,0,573,1,0,96,0,0,0,0,10,48,32,53,78,93,55,35,59,59,43,47,78,2017,8,67,74,61,44,29,65,6,19,5,16,0,286,394,240,0,0,43,0,0,0,0,3,333,1,0,53,0,0,0,0,7,19,13,19,27,36,20,17,29,28,18,18,42,29,19,34,51,57,35,18,30,31,25,29,36
27,TABASCO,1,Cólera,A00,0,0,0,0,0,0,0,0,0,0,0,0,0,0,0,0,0,0,0,0,0,0,0,0,0,0,0,0,0,0,0,0,0,0,2017,0,0,0,0,0,0,0,0,0,0,0,0,0,0,0,0,0,0,0,0,0,0,0,0,0,0,0,0,0,0,0,0,0,0,0,0,0,0,0,0,0,0,0,0,0,0,0,0,0,0,0,0,0,0,0,0
27,TABASCO,2,Amebiasis intestinal,"A06.0-A06.3, A06.9",10532,193,828,783,540,453,497,706,283,238,101,152,3,4422,1733,1469,2791,0,0,84,21,12,901,917,1220,729,1060,775,818,970,800,809,918,615,2017,196,955,938,529,524,573,946,311,341,263,177,2,4777,5755,1862,846,721,1289,0,0,40,13,6,2560,887,748,1502,0,0,44,8,6,415,354,569,333,512,366,371,449,395,359,386,268,486,563,651,396,548,409,447,521,405,450,532,347
27,TABASCO,5,Shigelosis,A03,182,5,8,11,9,9,4,17,4,8,2,3,0,132,8,0,42,0,0,0,0,0,17,43,17,12,15,7,5,10,9,13,32,2,2017,3,17,15,6,8,8,26,9,3,2,5,0,80,102,63,1,0,16,0,0,0,0,0,69,7,0,26,0,0,0,0,0,2,24,8,5,10,3,1,5,4,4,13,1,15,19,9,7,5,4,4,5,5,9,19,1
27,TABASCO,6,Fiebre tifoidea,A01.0,2532,2,42,84,112,118,112,195,58,57,42,39,2,1529,0,0,947,0,0,12,44,0,151,193,264,244,255,209,190,318,197,196,210,105,2017,2,22,105,178,229,203,524,151,145,51,59,0,863,1669,466,0,0,377,0,0,2,18,0,1063,0,0,570,0,0,10,26,0,59,60,75,93,95,71,69,112,66,61,67,35,92,133,189,151,160,138,121,206,131,135,143,70
27,TABASCO,7,Giardiasis,A07.1,457,2,28,43,30,20,14,25,18,9,6,5,0,247,3,0,205,0,0,1,0,1,52,29,67,61,45,24,18,35,31,47,27,21,2017,9,54,47,34,17,19,24,18,14,14,7,0,200,257,102,2,0,96,0,0,0,0,0,145,1,0,109,0,0,1,0,1,28,15,29,19,17,12,9,15,16,19,12,9,24,14,38,42,28,12,9,20,15,28,15,12
27,TABASCO,8,Infecciones intestinales por otros organismos y las mal definidas,"A04, A08-A09 excepto A08.0",130325,2740,9934,7063,5864,4804,5868,12183,4134,4199,1985,2472,110,34759,30838,14486,40939,0,0,7499,1594,210,9594,9673,13995,10772,15425,10864,8973,11043,9033,10681,12445,7827,2017,2607,9213,6885,5361,5124,6706,15634,5248,6022,2513,3559,97,61356,68969,15573,14632,6995,19776,0,0,3468,801,111,19186,16206,7491,21163,0,0,4031,793,99,4547,4583,6563,5136,7291,5190,4147,5245,4127,5080,5784,3663,5047,5090,7432,5636,8134,5674,4826,5798,4906,5601,6661,4164
27,TABASCO,178,Fiebre paratifoidea,A01.1-A01.4,2464,1,21,45,85,74,184,249,120,86,50,31,2,1428,27,5,1004,0,0,0,0,0,214,238,286,212,191,219,246,207,173,171,188,119,2017,0,20,73,135,163,211,448,184,166,77,39,0,948,1516,492,6,4,446,0,0,0,0,0,936,21,1,558,0,0,0,0,0,79,87,107,88,71,88,80,69,83,73,75,48,135,151,179,124,120,131,166,138,90,98,113,71
27,TABASCO,93,Otras infecciones intestinales debidas a protozoarios,"A07.0, A07.2, A07.9",7087,121,495,508,388,279,234,457,231,216,103,137,2,3410,20,778,2861,0,0,1,0,17,660,858,1111,700,616,411,394,588,373,406,477,493,2017,135,516,523,403,331,285,737,315,334,151,182,4,3171,3916,1548,7,264,1343,0,0,1,0,8,1862,13,514,1518,0,0,0,0,9,314,388,492,309,274,190,169,262,170,165,210,228,346,470,619,391,342,221,225,326,203,241,267,265
28,TAMAULIPAS,1,Cólera,A00,0,0,0,0,0,0,0,0,0,0,0,0,0,0,0,0,0,0,0,0,0,0,0,0,0,0,0,0,0,0,0,0,0,0,2017,0,0,0,0,0,0,0,0,0,0,0,0,0,0,0,0,0,0,0,0,0,0,0,0,0,0,0,0,0,0,0,0,0,0,0,0,0,0,0,0,0,0,0,0,0,0,0,0,0,0,0,0,0,0,0,0
28,TAMAULIPAS,2,Amebiasis intestinal,"A06.0-A06.3, A06.9",8591,42,430,635,470,459,376,448,302,347,273,113,1,1824,667,1817,3796,123,313,27,2,22,528,621,743,660,871,916,857,879,613,705,754,444,2017,59,575,745,522,454,395,679,444,434,244,142,2,3896,4695,800,305,660,1910,55,145,12,1,8,1024,362,1157,1886,68,168,15,1,14,234,277,329,291,373,427,386,419,272,336,352,200,294,344,414,369,498,489,471,460,341,369,402,244
28,TAMAULIPAS,5,Shigelosis,A03,530,4,20,28,34,23,29,30,22,23,8,10,1,112,0,0,408,3,0,7,0,0,41,37,96,30,33,33,64,61,37,34,36,28,2017,8,31,26,32,36,39,59,25,23,8,10,1,232,298,43,0,0,185,1,0,3,0,0,69,0,0,223,2,0,4,0,0,18,16,45,8,18,17,26,20,14,20,17,13,23,21,51,22,15,16,38,41,23,14,19,15
28,TAMAULIPAS,6,Fiebre tifoidea,A01.0,10577,3,35,154,313,438,644,1055,509,386,144,101,2,3119,1048,479,5828,78,5,13,0,7,887,837,1197,902,1129,947,1006,1014,659,645,917,437,2017,5,52,210,521,890,1129,2225,777,585,192,206,1,3784,6793,952,272,165,2370,17,3,4,0,1,2167,776,314,3458,61,2,9,0,6,277,238,438,361,436,343,363,382,231,219,346,150,610,599,759,541,693,604,643,632,428,426,571,287
28,TAMAULIPAS,7,Giardiasis,A07.1,841,10,42,81,105,37,44,32,12,8,1,2,0,410,24,1,370,4,26,4,0,2,73,76,131,45,66,60,60,105,53,68,73,31,2017,14,47,95,84,61,36,75,25,17,5,8,0,374,467,154,13,1,185,2,18,0,0,1,256,11,0,185,2,8,4,0,1,39,36,56,18,24,28,25,55,21,30,29,13,34,40,75,27,42,32,35,50,32,38,44,18
28,TAMAULIPAS,8,Infecciones intestinales por otros organismos y las mal definidas,"A04, A08-A09 excepto A08.0",290515,5969,19354,17098,13911,11755,12852,22765,9472,9576,6257,6152,239,45719,53977,20657,154111,4606,3793,6518,761,373,20600,29914,32775,24307,27981,23409,21521,24928,20130,21135,26255,17560,2017,6473,19442,17818,13713,13303,14904,29377,11986,13373,6738,7885,103,135400,155115,20019,24006,9346,74787,2016,1735,2970,367,154,25700,29971,11311,79324,2590,2058,3548,394,219,9508,13813,15116,11376,12923,10961,10099,11638,9462,9935,12217,8352,11092,16101,17659,12931,15058,12448,11422,13290,10668,11200,14038,9208
28,TAMAULIPAS,178,Fiebre paratifoidea,A01.1-A01.4,1191,1,7,25,32,36,59,117,54,43,10,13,1,443,26,51,661,7,0,2,0,1,55,66,72,64,111,130,117,145,143,122,100,66,2017,0,9,27,75,88,124,268,87,72,15,27,1,398,793,102,10,9,274,1,0,2,0,0,341,16,42,387,6,0,0,0,1,19,17,19,18,36,44,39,51,43,41,43,28,36,49,53,46,75,86,78,94,100,81,57,38
28,TAMAULIPAS,93,Otras infecciones intestinales debidas a protozoarios,"A07.0, A07.2, A07.9",6406,94,371,464,390,351,307,398,290,194,127,77,2,1390,3,146,4317,61,464,8,0,17,269,445,468,335,519,522,404,622,758,700,763,601,2017,161,430,482,373,328,362,456,284,238,136,88,3,3065,3341,592,2,73,2126,30,233,3,0,6,798,1,73,2191,31,231,5,0,11,125,196,205,165,241,270,167,285,380,346,395,290,144,249,263,170,278,252,237,337,378,354,368,311
29,TLAXCALA,1,Cólera,A00,0,0,0,0,0,0,0,0,0,0,0,0,0,0,0,0,0,0,0,0,0,0,0,0,0,0,0,0,0,0,0,0,0,0,2017,0,0,0,0,0,0,0,0,0,0,0,0,0,0,0,0,0,0,0,0,0,0,0,0,0,0,0,0,0,0,0,0,0,0,0,0,0,0,0,0,0,0,0,0,0,0,0,0,0,0,0,0,0,0,0,0
29,TLAXCALA,2,Amebiasis intestinal,"A06.0-A06.3, A06.9",2784,48,229,185,144,78,94,168,54,86,37,73,3,836,923,260,418,1,346,0,0,0,300,248,296,216,297,247,263,264,178,139,219,117,2017,35,218,224,145,78,104,358,96,170,54,103,0,1199,1585,349,410,95,211,0,134,0,0,0,487,513,165,207,1,212,0,0,0,145,107,135,90,120,112,108,119,71,64,81,47,155,141,161,126,177,135,155,145,107,75,138,70
29,TLAXCALA,5,Shigelosis,A03,15,0,0,1,0,0,0,3,0,0,1,1,0,14,0,0,1,0,0,0,0,0,2,1,0,0,0,4,1,2,4,0,1,0,2017,0,1,1,0,0,0,5,0,2,0,0,0,6,9,5,0,0,1,0,0,0,0,0,9,0,0,0,0,0,0,0,0,1,0,0,0,0,0,1,1,2,0,1,0,1,1,0,0,0,4,0,1,2,0,0,0
29,TLAXCALA,6,Fiebre tifoidea,A01.0,95,0,1,1,3,5,2,6,2,1,2,2,0,78,0,8,9,0,0,0,0,0,5,3,4,3,6,9,9,16,17,11,8,4,2017,0,0,3,9,8,5,24,8,6,3,4,0,25,70,20,0,3,2,0,0,0,0,0,58,0,5,7,0,0,0,0,0,0,1,0,2,1,2,2,5,8,2,1,1,5,2,4,1,5,7,7,11,9,9,7,3
29,TLAXCALA,7,Giardiasis,A07.1,41,1,8,5,0,1,0,1,0,2,1,0,0,36,4,0,1,0,0,0,0,0,0,3,7,3,5,4,0,4,1,3,6,5,2017,0,4,4,2,1,0,7,2,0,2,0,0,19,22,16,2,0,1,0,0,0,0,0,20,2,0,0,0,0,0,0,0,0,2,5,2,2,3,0,2,0,1,1,1,0,1,2,1,3,1,0,2,1,2,5,4
29,TLAXCALA,8,Infecciones intestinales por otros organismos y las mal definidas,"A04, A08-A09 excepto A08.0",86426,1491,6691,5535,4543,3211,3478,7590,2453,2501,1290,1785,70,30545,19605,2289,31636,770,1387,0,194,0,7824,7496,9371,7144,9822,8271,6480,7255,5472,5529,6656,5106,2017,1552,6406,5681,4268,3629,3830,9668,2993,3549,1634,2549,29,40638,45788,13999,9330,993,15384,332,510,0,90,0,16546,10275,1296,16252,438,877,0,104,0,3590,3454,4379,3448,4536,3823,3045,3420,2603,2630,3289,2421,4234,4042,4992,3696,5286,4448,3435,3835,2869,2899,3367,2685
29,TLAXCALA,178,Fiebre paratifoidea,A01.1-A01.4,199,3,5,4,4,6,3,10,2,8,2,3,1,194,0,0,5,0,0,0,0,0,4,20,16,17,12,12,13,50,17,13,18,7,2017,0,7,7,7,18,15,46,13,20,7,8,0,51,148,51,0,0,0,0,0,0,0,0,143,0,0,5,0,0,0,0,0,1,7,9,5,5,1,5,11,1,1,4,1,3,13,7,12,7,11,8,39,16,12,14,6
29,TLAXCALA,93,Otras infecciones intestinales debidas a protozoarios,"A07.0, A07.2, A07.9",417,6,21,27,35,18,7,28,10,10,2,7,0,343,0,13,61,0,0,0,0,0,24,29,65,8,26,49,34,70,40,25,26,21,2017,7,43,51,26,13,7,44,17,20,5,13,0,171,246,139,0,6,26,0,0,0,0,0,204,0,7,35,0,0,0,0,0,11,11,30,3,10,22,15,27,16,9,9,8,13,18,35,5,16,27,19,43,24,16,17,13
30,VERACRUZ DE IGNACIO DE LA LLAVE,1,Cólera,A00,0,0,0,0,0,0,0,0,0,0,0,0,0,0,0,0,0,0,0,0,0,0,0,0,0,0,0,0,0,0,0,0,0,0,2017,0,0,0,0,0,0,0,0,0,0,0,0,0,0,0,0,0,0,0,0,0,0,0,0,0,0,0,0,0,0,0,0,0,0,0,0,0,0,0,0,0,0,0,0,0,0,0,0,0,0,0,0,0,0,0,0
30,VERACRUZ DE IGNACIO DE LA LLAVE,2,Amebiasis intestinal,"A06.0-A06.3, A06.9",17690,344,1735,1446,1072,598,534,895,319,386,208,381,1,3722,4274,308,3952,5007,161,158,26,82,1320,1325,1640,1260,1683,1587,1413,1899,1410,1609,1589,955,2017,326,1767,1615,1112,745,603,1526,506,670,296,589,16,7919,9771,1650,1884,137,1902,2158,73,67,12,36,2072,2390,171,2050,2849,88,91,14,46,601,576,743,558,769,715,607,817,635,746,704,448,719,749,897,702,914,872,806,1082,775,863,885,507
30,VERACRUZ DE IGNACIO DE LA LLAVE,5,Shigelosis,A03,275,4,29,14,9,7,5,24,7,3,1,8,0,85,67,6,99,10,0,1,0,7,13,32,52,31,21,15,26,38,4,17,14,12,2017,5,20,16,15,11,11,48,11,13,10,4,0,111,164,27,31,1,47,1,0,0,0,4,58,36,5,52,9,0,1,0,3,3,13,27,11,9,7,10,15,1,5,4,6,10,19,25,20,12,8,16,23,3,12,10,6
30,VERACRUZ DE IGNACIO DE LA LLAVE,6,Fiebre tifoidea,A01.0,4224,14,47,93,156,173,174,346,201,111,38,66,0,1882,141,342,1769,28,15,40,0,7,242,281,407,269,356,435,387,453,404,399,401,190,2017,5,48,142,260,309,378,894,253,297,108,110,1,1419,2805,487,42,105,759,2,6,16,0,2,1395,99,237,1010,26,9,24,0,5,72,91,126,75,106,143,171,158,143,148,125,61,170,190,281,194,250,292,216,295,261,251,276,129
30,VERACRUZ DE IGNACIO DE LA LLAVE,7,Giardiasis,A07.1,960,11,58,90,139,49,17,48,18,12,6,6,0,254,22,27,583,36,0,29,0,9,34,74,56,121,78,112,76,87,92,89,100,41,2017,4,89,117,77,39,44,75,17,25,12,7,0,454,506,117,12,6,290,12,0,15,0,2,137,10,21,293,24,0,14,0,7,13,40,21,48,41,57,39,48,32,43,56,16,21,34,35,73,37,55,37,39,60,46,44,25
30,VERACRUZ DE IGNACIO DE LA LLAVE,8,Infecciones intestinales por otros organismos y las mal definidas,"A04, A08-A09 excepto A08.0",304827,6232,23192,17345,13381,10418,11966,26526,7895,10044,4848,7548,139,55205,101045,18075,106665,7664,666,12225,411,2871,21199,22461,28560,21842,32512,29401,25488,30773,22788,23202,26703,19898,2017,6048,21905,16826,12665,12172,13724,36358,11121,15785,6883,11759,47,139534,165293,23947,45543,7618,51348,3399,246,5852,197,1384,31258,55502,10457,55317,4265,420,6373,214,1487,9754,10332,13047,10084,14668,13235,11567,14176,10531,10621,12206,9313,11445,12129,15513,11758,17844,16166,13921,16597,12257,12581,14497,10585
30,VERACRUZ DE IGNACIO DE LA LLAVE,178,Fiebre paratifoidea,A01.1-A01.4,1268,3,12,32,48,53,49,90,50,47,14,12,0,546,7,8,361,83,241,19,0,3,99,77,114,69,123,125,118,110,99,122,129,83,2017,3,15,35,75,112,104,261,81,97,31,44,0,410,858,156,0,3,135,15,95,5,0,1,390,7,5,226,68,146,14,0,2,36,27,33,18,34,36,40,37,39,34,42,34,63,50,81,51,89,89,78,73,60,88,87,49
30,VERACRUZ DE IGNACIO DE LA LLAVE,93,Otras infecciones intestinales debidas a protozoarios,"A07.0, A07.2, A07.9",8071,89,596,705,543,400,308,418,162,195,106,170,2,2551,22,1831,3004,321,0,1,80,261,609,794,1008,710,729,697,644,865,469,575,598,373,2017,103,623,733,531,477,339,692,212,278,144,245,0,3694,4377,1168,12,794,1432,123,0,1,37,127,1383,10,1037,1572,198,0,0,43,134,284,347,489,324,347,316,288,379,212,274,280,154,325,447,519,386,382,381,356,486,257,301,318,219
31,YUCATÁN,1,Cólera,A00,0,0,0,0,0,0,0,0,0,0,0,0,0,0,0,0,0,0,0,0,0,0,0,0,0,0,0,0,0,0,0,0,0,0,2017,0,0,0,0,0,0,0,0,0,0,0,0,0,0,0,0,0,0,0,0,0,0,0,0,0,0,0,0,0,0,0,0,0,0,0,0,0,0,0,0,0,0,0,0,0,0,0,0,0,0,0,0,0,0,0,0
31,YUCATÁN,2,Amebiasis intestinal,"A06.0-A06.3, A06.9",9151,217,934,502,337,233,309,806,186,279,123,280,2,4578,3175,233,690,408,65,0,0,2,769,785,1000,639,853,944,947,1043,595,541,661,374,2017,181,897,552,353,277,274,1047,277,436,208,439,2,4208,4943,1977,1503,93,409,192,32,0,0,2,2601,1672,140,281,216,33,0,0,0,355,362,473,316,404,419,414,489,277,247,286,166,414,423,527,323,449,525,533,554,318,294,375,208
31,YUCATÁN,5,Shigelosis,A03,80,2,10,4,6,1,1,7,0,1,0,6,0,41,5,1,2,31,0,0,0,0,19,8,12,6,3,6,10,6,3,1,5,1,2017,5,12,7,1,2,1,7,2,4,0,1,0,38,42,23,2,1,2,10,0,0,0,0,18,3,0,0,21,0,0,0,0,10,5,6,3,2,1,3,2,3,1,2,0,9,3,6,3,1,5,7,4,0,0,3,1
31,YUCATÁN,6,Fiebre tifoidea,A01.0,62,0,2,3,5,3,4,5,2,0,0,3,0,8,19,19,16,0,0,0,0,0,1,2,2,4,1,1,14,1,2,11,19,4,2017,0,0,4,7,6,3,9,1,2,1,2,0,27,35,2,8,7,10,0,0,0,0,0,6,11,12,6,0,0,0,0,0,0,0,1,0,0,1,9,1,1,4,9,1,1,2,1,4,1,0,5,0,1,7,10,3
31,YUCATÁN,7,Giardiasis,A07.1,572,2,58,56,37,16,39,34,17,11,1,11,0,300,60,50,129,30,2,0,0,1,53,52,72,61,46,43,39,64,35,33,53,21,2017,5,72,49,22,16,33,35,16,24,6,12,0,282,290,145,23,23,71,18,1,0,0,1,155,37,27,58,12,1,0,0,0,27,29,34,35,24,22,19,31,13,15,25,8,26,23,38,26,22,21,20,33,22,18,28,13
31,YUCATÁN,8,Infecciones intestinales por otros organismos y las mal definidas,"A04, A08-A09 excepto A08.0",180583,4488,12671,7602,6123,5979,8495,17613,5884,6548,3856,6269,288,24607,73522,5493,59720,14678,814,0,1145,604,11300,14944,16347,11465,16147,16583,21759,19300,10762,9917,19024,13035,2017,4116,11232,7415,6114,6685,9017,20664,7032,8984,5024,8339,145,85816,94767,11366,34181,2324,29726,6979,368,0,583,289,13241,39341,3169,29994,7699,446,0,562,315,5224,7109,7828,5560,7723,7667,10133,9111,5154,4632,9325,6350,6076,7835,8519,5905,8424,8916,11626,10189,5608,5285,9699,6685
31,YUCATÁN,178,Fiebre paratifoidea,A01.1-A01.4,10,0,0,0,0,0,0,0,0,0,0,2,0,3,0,4,3,0,0,0,0,0,1,3,1,0,1,0,0,0,0,1,2,1,2017,0,0,1,0,3,1,2,0,1,0,0,0,2,8,0,0,2,0,0,0,0,0,0,3,0,2,3,0,0,0,0,0,0,2,0,0,0,0,0,0,0,0,0,0,1,1,1,0,1,0,0,0,0,1,2,1
31,YUCATÁN,93,Otras infecciones intestinales debidas a protozoarios,"A07.0, A07.2, A07.9",1708,13,123,124,122,93,75,109,61,36,23,20,1,516,3,122,661,382,24,0,0,0,128,116,350,128,212,166,123,126,93,103,133,30,2017,15,132,121,106,125,74,157,66,50,28,34,0,800,908,218,2,68,338,167,7,0,0,0,298,1,54,323,215,17,0,0,0,59,65,173,49,105,78,51,68,48,44,51,9,69,51,177,79,107,88,72,58,45,59,82,21
32,ZACATECAS,1,Cólera,A00,0,0,0,0,0,0,0,0,0,0,0,0,0,0,0,0,0,0,0,0,0,0,0,0,0,0,0,0,0,0,0,0,0,0,2017,0,0,0,0,0,0,0,0,0,0,0,0,0,0,0,0,0,0,0,0,0,0,0,0,0,0,0,0,0,0,0,0,0,0,0,0,0,0,0,0,0,0,0,0,0,0,0,0,0,0,0,0,0,0,0,0
32,ZACATECAS,2,Amebiasis intestinal,"A06.0-A06.3, A06.9",5208,176,439,403,280,186,172,270,146,131,96,80,1,914,273,689,3046,229,57,0,0,0,219,342,541,455,606,615,459,610,390,352,392,227,2017,236,568,392,229,227,201,417,153,207,94,104,0,2380,2828,432,114,342,1385,86,21,0,0,0,482,159,347,1661,143,36,0,0,0,96,149,270,207,282,300,215,272,178,157,166,88,123,193,271,248,324,315,244,338,212,195,226,139
32,ZACATECAS,5,Shigelosis,A03,537,3,23,32,28,41,35,53,28,17,10,9,0,78,15,6,438,0,0,0,0,0,23,21,70,30,74,103,110,69,11,12,7,7,2017,2,26,35,32,21,34,52,20,26,8,2,0,279,258,44,6,2,227,0,0,0,0,0,34,9,4,211,0,0,0,0,0,12,8,36,20,40,55,54,31,5,8,5,5,11,13,34,10,34,48,56,38,6,4,2,2
32,ZACATECAS,6,Fiebre tifoidea,A01.0,3631,4,12,38,77,127,248,404,163,118,37,55,0,1071,69,81,2344,63,3,0,0,0,274,279,447,300,403,297,319,432,272,250,217,141,2017,4,15,54,113,237,356,872,283,274,68,72,0,1283,2348,292,22,27,928,13,1,0,0,0,779,47,54,1416,50,2,0,0,0,107,103,163,115,125,101,109,159,96,85,69,51,167,176,284,185,278,196,210,273,176,165,148,90
32,ZACATECAS,7,Giardiasis,A07.1,271,2,20,21,34,10,8,11,4,6,5,4,0,81,2,10,137,41,0,0,0,0,13,21,26,16,37,41,18,25,27,17,18,12,2017,6,23,18,15,6,12,22,31,6,2,5,0,125,146,32,1,3,74,15,0,0,0,0,49,1,7,63,26,0,0,0,0,8,8,21,3,17,16,8,14,10,7,10,3,5,13,5,13,20,25,10,11,17,10,8,9
32,ZACATECAS,8,Infecciones intestinales por otros organismos y las mal definidas,"A04, A08-A09 excepto A08.0",126079,3452,11238,8357,5824,4493,4732,9345,3318,3602,2089,2785,20,24412,14185,9777,67410,9706,287,0,302,0,6314,7963,11386,11026,16182,11578,11088,15667,10241,9067,9496,6071,2017,3595,11332,8110,5655,5211,5372,12067,4112,5022,2411,3927,10,59255,66824,11043,6644,4078,32853,4383,116,0,138,0,13369,7541,5699,34557,5323,171,0,164,0,3000,3658,5357,5222,7510,5430,5079,7337,4854,4297,4557,2954,3314,4305,6029,5804,8672,6148,6009,8330,5387,4770,4939,3117
32,ZACATECAS,178,Fiebre paratifoidea,A01.1-A01.4,226,1,2,0,9,5,10,28,12,11,2,2,0,107,2,11,102,4,0,0,0,0,14,9,22,23,17,23,28,22,17,24,20,7,2017,0,4,1,1,13,19,56,20,21,4,5,0,82,144,27,0,2,53,0,0,0,0,0,80,2,9,49,4,0,0,0,0,7,3,8,4,2,8,15,9,5,11,8,2,7,6,14,19,15,15,13,13,12,13,12,5
32,ZACATECAS,93,Otras infecciones intestinales debidas a protozoarios,"A07.0, A07.2, A07.9",1430,23,138,109,100,55,65,102,57,43,14,24,0,458,0,331,579,43,17,0,2,0,101,130,182,113,148,168,162,169,92,67,76,22,2017,26,139,81,75,53,62,102,57,47,24,34,0,730,700,238,0,164,294,24,8,0,2,0,220,0,167,285,19,9,0,0,0,57,75,86,63,72,70,80,101,46,29,41,10,44,55,96,50,76,98,82,68,46,38,35,12
